cible,variable,rho_partiel,p,n
y_d_spread,Dépenses totales,-0.023,0.78,149
y_d_spread,Personnel,-0.017,0.834,149
y_d_spread,Fonctionnement,-0.022,0.794,149
y_d_spread,Charge de la dette,-0.023,0.78,149
y_d_spread,Investissement,-0.172,0.036,149
y_d_spread,Intervention,-0.021,0.796,149
y_d_spread,Prélèvements sur recettes,-0.022,0.793,149
y_d_oat,Dépenses totales,0.134,0.104,149
y_d_oat,Personnel,0.165,0.046,149
y_d_oat,Fonctionnement,0.111,0.178,149
y_d_oat,Charge de la dette,0.11,0.184,149
y_d_oat,Investissement,0.013,0.873,149
y_d_oat,Intervention,0.074,0.373,149
y_d_oat,Prélèvements sur recettes,0.041,0.617,149
y_cac_ret,Dépenses totales,0.066,0.423,149
y_cac_ret,Personnel,-0.015,0.852,149
y_cac_ret,Fonctionnement,0.035,0.67,149
y_cac_ret,Charge de la dette,0.08,0.334,149
y_cac_ret,Investissement,0.13,0.116,149
y_cac_ret,Intervention,-0.005,0.953,149
y_cac_ret,Prélèvements sur recettes,0.068,0.409,149
