extension,cible,comparaison,n_test,R2oos_sans_%,R2oos_avec_%,DM,p_avec_meilleur,p_avec_bat_moyenne,note,R2oos_M0_sans_notations_%,precision_sans_%,AUC_sans,precision_avec_%,AUC_avec,precision_classe_majoritaire_%,p_BH,significatif_BH_10%
E1 horizon,y_d_spread,ridge h=3 : M1 vs M0,77,-61.865,-184.796,-2.866,0.997,0.996,,,,,,,,0.997,False
E1 horizon,y_d_spread,rf h=3 : M1 vs M0,77,3.124,-8.002,-1.747,0.958,0.704,,,,,,,,0.997,False
E1 horizon,y_d_spread,xgb h=3 : M1 vs M0,77,-30.153,-41.939,-0.729,0.766,0.896,,,,,,,,0.997,False
E1 horizon,y_d_oat,ridge h=3 : M1 vs M0,77,-45.867,-79.015,-2.552,0.994,0.995,,,,,,,,0.997,False
E1 horizon,y_d_oat,rf h=3 : M1 vs M0,77,-2.197,-7.58,-0.446,0.672,0.7,,,,,,,,0.997,False
E1 horizon,y_d_oat,xgb h=3 : M1 vs M0,77,-15.613,-19.474,-0.223,0.588,0.853,,,,,,,,0.997,False
E1 horizon,y_cac_ret,ridge h=3 : M1 vs M0,77,-40.323,-140.546,-1.943,0.972,0.983,,,,,,,,0.997,False
E1 horizon,y_cac_ret,rf h=3 : M1 vs M0,77,-7.069,-11.96,-1.208,0.885,0.926,,,,,,,,0.997,False
E1 horizon,y_cac_ret,xgb h=3 : M1 vs M0,77,-45.052,-49.531,-0.426,0.664,0.999,,,,,,,,0.997,False
E1 horizon,y_d_spread,ridge h=6 : M1 vs M0,74,-105.589,-185.28,-2.479,0.992,0.986,,,,,,,,0.997,False
E1 horizon,y_d_spread,rf h=6 : M1 vs M0,74,-9.747,-16.884,-1.524,0.934,0.785,,,,,,,,0.997,False
E1 horizon,y_d_spread,xgb h=6 : M1 vs M0,74,-33.06,-24.41,0.921,0.18,0.794,,,,,,,,0.997,False
E1 horizon,y_d_oat,ridge h=6 : M1 vs M0,74,-140.457,-235.394,-1.923,0.971,0.999,,,,,,,,0.997,False
E1 horizon,y_d_oat,rf h=6 : M1 vs M0,74,-25.345,-38.586,-1.137,0.87,0.987,,,,,,,,0.997,False
E1 horizon,y_d_oat,xgb h=6 : M1 vs M0,74,-50.408,-60.917,-0.536,0.703,0.999,,,,,,,,0.997,False
E1 horizon,y_cac_ret,ridge h=6 : M1 vs M0,74,-102.074,-243.88,-1.934,0.972,0.953,,,,,,,,0.997,False
E1 horizon,y_cac_ret,rf h=6 : M1 vs M0,74,-31.627,-39.618,-0.97,0.832,0.992,,,,,,,,0.997,False
E1 horizon,y_cac_ret,xgb h=6 : M1 vs M0,74,-110.294,-49.788,2.332,0.011,0.975,,,,,,,,0.689,False
E1 horizon,y_d_spread,ridge h=12 : M1 vs M0,68,-558.803,-560.595,-0.006,0.502,1.0,,,,,,,,0.997,False
E1 horizon,y_d_spread,rf h=12 : M1 vs M0,68,-100.663,-100.223,0.052,0.48,0.935,,,,,,,,0.997,False
E1 horizon,y_d_spread,xgb h=12 : M1 vs M0,68,-211.881,-164.514,2.348,0.011,0.978,,,,,,,,0.689,False
E1 horizon,y_d_oat,ridge h=12 : M1 vs M0,68,-663.221,-758.072,-0.559,0.711,0.992,,,,,,,,0.997,False
E1 horizon,y_d_oat,rf h=12 : M1 vs M0,68,-34.576,-33.382,0.105,0.458,0.997,,,,,,,,0.997,False
E1 horizon,y_d_oat,xgb h=12 : M1 vs M0,68,-80.798,-57.619,1.499,0.069,0.992,,,,,,,,0.997,False
E1 horizon,y_cac_ret,ridge h=12 : M1 vs M0,68,-459.333,-459.694,-0.007,0.503,0.893,,,,,,,,0.997,False
E1 horizon,y_cac_ret,rf h=12 : M1 vs M0,68,2.548,-17.282,-1.302,0.901,0.883,,,,,,,,0.997,False
E1 horizon,y_cac_ret,xgb h=12 : M1 vs M0,68,14.104,-33.824,-0.89,0.812,0.861,,,,,,,,0.997,False
E10 XGB réglé,y_d_spread,xgb réglé : M1 vs M0,79,-2.106,-6.034,-1.988,0.975,0.886,,,,,,,,0.997,False
E10 XGB réglé,y_d_oat,xgb réglé : M1 vs M0,79,-0.867,-4.089,-0.789,0.784,0.671,,,,,,,,0.997,False
E10 XGB réglé,y_cac_ret,xgb réglé : M1 vs M0,79,-4.848,-3.104,0.661,0.255,0.881,,,,,,,,0.997,False
E11 fenêtre 60 mois,y_d_spread,ridge : M1 vs M0,79,-6.792,-10.732,-0.66,0.744,0.947,,,,,,,,0.997,False
E11 fenêtre 60 mois,y_d_spread,rf : M1 vs M0,79,-4.274,-7.791,-0.931,0.823,0.845,,,,,,,,0.997,False
E11 fenêtre 60 mois,y_d_spread,xgb : M1 vs M0,79,-18.656,-25.066,-0.663,0.745,0.942,,,,,,,,0.997,False
E11 fenêtre 60 mois,y_d_oat,ridge : M1 vs M0,79,-9.977,-16.246,-1.228,0.888,0.838,,,,,,,,0.997,False
E11 fenêtre 60 mois,y_d_oat,rf : M1 vs M0,79,-6.329,-8.064,-0.514,0.696,0.79,,,,,,,,0.997,False
E11 fenêtre 60 mois,y_d_oat,xgb : M1 vs M0,79,-33.461,-32.097,0.132,0.448,0.959,,,,,,,,0.997,False
E11 fenêtre 60 mois,y_cac_ret,ridge : M1 vs M0,79,-1.955,-6.44,-0.863,0.805,0.872,,,,,,,,0.997,False
E11 fenêtre 60 mois,y_cac_ret,rf : M1 vs M0,79,-13.607,-12.2,0.369,0.357,0.946,,,,,,,,0.997,False
E11 fenêtre 60 mois,y_cac_ret,xgb : M1 vs M0,79,-40.715,-26.134,1.604,0.056,0.968,,,,,,,,0.997,False
E12 par période,y_d_spread,ridge [2020-2021] : M1 vs M0,24,9.314,0.09,-1.815,0.959,0.496,,,,,,,,,False
E12 par période,y_d_spread,ridge [2022-2026] : M1 vs M0,55,-29.715,-23.469,0.816,0.209,0.959,,,,,,,,,False
E12 par période,y_d_spread,ridge [VIX ≤ 20] : M1 vs M0,46,-10.66,-7.874,0.467,0.322,0.894,,,,,,,,,False
E12 par période,y_d_spread,ridge [VIX > 20] : M1 vs M0,33,-29.71,-36.088,-0.58,0.717,0.873,,,,,,,,,False
E12 par période,y_d_spread,rf [2020-2021] : M1 vs M0,24,2.283,-3.361,-1.306,0.898,0.611,,,,,,,,,False
E12 par période,y_d_spread,rf [2022-2026] : M1 vs M0,55,-6.996,-7.23,-0.061,0.524,0.819,,,,,,,,,False
E12 par période,y_d_spread,rf [VIX ≤ 20] : M1 vs M0,46,-0.425,-2.832,-0.81,0.789,0.643,,,,,,,,,False
E12 par période,y_d_spread,rf [VIX > 20] : M1 vs M0,33,-13.29,-14.967,-0.22,0.586,0.88,,,,,,,,,False
E12 par période,y_d_spread,xgb [2020-2021] : M1 vs M0,24,-14.557,-30.79,-0.952,0.825,0.912,,,,,,,,,False
E12 par période,y_d_spread,xgb [2022-2026] : M1 vs M0,55,-35.974,-26.27,1.212,0.115,0.929,,,,,,,,,False
E12 par période,y_d_spread,xgb [VIX ≤ 20] : M1 vs M0,46,-17.264,-15.764,0.216,0.415,0.858,,,,,,,,,False
E12 par période,y_d_spread,xgb [VIX > 20] : M1 vs M0,33,-61.427,-65.479,-0.158,0.562,0.969,,,,,,,,,False
E12 par période,y_d_oat,ridge [2020-2021] : M1 vs M0,24,-14.304,-14.813,-0.063,0.525,0.728,,,,,,,,,False
E12 par période,y_d_oat,ridge [2022-2026] : M1 vs M0,55,-11.467,-15.104,-0.744,0.77,0.852,,,,,,,,,False
E12 par période,y_d_oat,ridge [VIX ≤ 20] : M1 vs M0,46,-18.319,-18.655,-0.032,0.513,0.963,,,,,,,,,False
E12 par période,y_d_oat,ridge [VIX > 20] : M1 vs M0,33,-7.83,-12.857,-1.63,0.944,0.738,,,,,,,,,False
E12 par période,y_d_oat,rf [2020-2021] : M1 vs M0,24,1.047,8.432,0.691,0.248,0.264,,,,,,,,,False
E12 par période,y_d_oat,rf [2022-2026] : M1 vs M0,55,-5.664,-7.659,-0.487,0.686,0.747,,,,,,,,,False
E12 par période,y_d_oat,rf [VIX ≤ 20] : M1 vs M0,46,-19.225,-14.389,0.658,0.257,0.943,,,,,,,,,False
E12 par période,y_d_oat,rf [VIX > 20] : M1 vs M0,33,4.07,-0.202,-1.025,0.843,0.505,,,,,,,,,False
E12 par période,y_d_oat,xgb [2020-2021] : M1 vs M0,24,-19.122,-17.637,0.103,0.459,0.83,,,,,,,,,False
E12 par période,y_d_oat,xgb [2022-2026] : M1 vs M0,55,-22.397,-27.437,-0.777,0.78,0.919,,,,,,,,,False
E12 par période,y_d_oat,xgb [VIX ≤ 20] : M1 vs M0,46,-40.29,-38.394,0.211,0.417,0.983,,,,,,,,,False
E12 par période,y_d_oat,xgb [VIX > 20] : M1 vs M0,33,-10.702,-18.672,-1.018,0.842,0.764,,,,,,,,,False
E12 par période,y_cac_ret,ridge [2020-2021] : M1 vs M0,24,-0.092,-1.127,-0.714,0.759,0.77,,,,,,,,,False
E12 par période,y_cac_ret,ridge [2022-2026] : M1 vs M0,55,-0.494,-2.887,-1.037,0.848,0.81,,,,,,,,,False
E12 par période,y_cac_ret,ridge [VIX ≤ 20] : M1 vs M0,46,-1.16,-1.574,-0.641,0.738,0.923,,,,,,,,,False
E12 par période,y_cac_ret,ridge [VIX > 20] : M1 vs M0,33,0.438,-2.289,-1.156,0.872,0.77,,,,,,,,,False
E12 par période,y_cac_ret,rf [2020-2021] : M1 vs M0,24,-9.32,-10.734,-0.187,0.573,0.908,,,,,,,,,False
E12 par période,y_cac_ret,rf [2022-2026] : M1 vs M0,55,-7.465,-10.453,-0.964,0.83,0.958,,,,,,,,,False
E12 par période,y_cac_ret,rf [VIX ≤ 20] : M1 vs M0,46,-13.46,-11.63,0.426,0.336,0.913,,,,,,,,,False
E12 par période,y_cac_ret,rf [VIX > 20] : M1 vs M0,33,-4.302,-9.753,-0.81,0.788,0.946,,,,,,,,,False
E12 par période,y_cac_ret,xgb [2020-2021] : M1 vs M0,24,-25.518,-29.946,-0.56,0.71,0.948,,,,,,,,,False
E12 par période,y_cac_ret,xgb [2022-2026] : M1 vs M0,55,-46.665,-21.293,1.603,0.057,0.945,,,,,,,,,False
E12 par période,y_cac_ret,xgb [VIX ≤ 20] : M1 vs M0,46,-26.89,-40.786,-1.683,0.95,0.973,,,,,,,,,False
E12 par période,y_cac_ret,xgb [VIX > 20] : M1 vs M0,33,-42.766,-13.509,2.172,0.019,0.872,,,,,,,,,False
E13 notations,y_d_spread,ridge : M1 + notations vs M0 + notations,79,-8.147,-9.454,-0.395,0.653,0.91,,-15.325,,,,,,0.997,False
E13 notations,y_d_spread,rf : M1 + notations vs M0 + notations,79,-1.528,-6.966,-1.452,0.925,0.844,,-3.575,,,,,,0.997,False
E13 notations,y_d_spread,xgb : M1 + notations vs M0 + notations,79,-29.447,-25.776,0.447,0.328,0.976,,-28.077,,,,,,0.997,False
E13 notations,y_d_oat,ridge : M1 + notations vs M0 + notations,79,-11.094,-11.577,-0.16,0.563,0.827,,-11.828,,,,,,0.997,False
E13 notations,y_d_oat,rf : M1 + notations vs M0 + notations,79,-2.663,-5.605,-0.832,0.796,0.714,,-4.809,,,,,,0.997,False
E13 notations,y_d_oat,xgb : M1 + notations vs M0 + notations,79,-21.025,-30.913,-1.027,0.846,0.941,,-21.98,,,,,,0.997,False
E13 notations,y_cac_ret,ridge : M1 + notations vs M0 + notations,79,-0.394,-16.513,-0.877,0.808,0.817,,-0.284,,,,,,0.997,False
E13 notations,y_cac_ret,rf : M1 + notations vs M0 + notations,79,-9.137,-11.069,-0.494,0.689,0.979,,-8.436,,,,,,0.997,False
E13 notations,y_cac_ret,xgb : M1 + notations vs M0 + notations,79,-30.202,-28.292,0.229,0.41,0.996,,-35.6,,,,,,0.997,False
E2 classification,y_d_spread,logit : M1 vs M0 (perte de Brier),79,-22.014,-22.123,-0.011,0.505,0.953,R2oos = score de Brier relatif à la fréquence historique,,54.43,0.506,54.43,0.556,49.367,0.997,False
E2 classification,y_d_spread,rf : M1 vs M0 (perte de Brier),79,-0.655,1.04,0.388,0.349,0.433,R2oos = score de Brier relatif à la fréquence historique,,48.101,0.544,53.165,0.573,49.367,0.997,False
E2 classification,y_d_spread,xgb : M1 vs M0 (perte de Brier),79,-9.618,-3.979,0.728,0.234,0.652,R2oos = score de Brier relatif à la fréquence historique,,48.101,0.525,56.962,0.604,49.367,0.997,False
E2 classification,y_d_oat,logit : M1 vs M0 (perte de Brier),79,-12.067,-27.551,-2.324,0.989,0.975,R2oos = score de Brier relatif à la fréquence historique,,55.696,0.598,51.899,0.54,44.304,0.997,False
E2 classification,y_d_oat,rf : M1 vs M0 (perte de Brier),79,5.202,7.074,0.546,0.293,0.162,R2oos = score de Brier relatif à la fréquence historique,,55.696,0.575,54.43,0.562,44.304,0.997,False
E2 classification,y_d_oat,xgb : M1 vs M0 (perte de Brier),79,-1.271,-2.112,-0.166,0.566,0.579,R2oos = score de Brier relatif à la fréquence historique,,55.696,0.589,56.962,0.575,44.304,0.997,False
E2 classification,y_cac_ret,logit : M1 vs M0 (perte de Brier),79,-6.627,-18.597,-1.361,0.911,0.928,R2oos = score de Brier relatif à la fréquence historique,,59.494,0.594,58.228,0.557,60.76,0.997,False
E2 classification,y_cac_ret,rf : M1 vs M0 (perte de Brier),79,-5.526,-6.859,-0.521,0.698,0.912,R2oos = score de Brier relatif à la fréquence historique,,53.165,0.425,49.367,0.448,60.76,0.997,False
E2 classification,y_cac_ret,xgb : M1 vs M0 (perte de Brier),79,-23.278,-23.149,0.027,0.489,0.992,R2oos = score de Brier relatif à la fréquence historique,,49.367,0.408,51.899,0.425,60.76,0.997,False
E3 volatilité,y_d_spread,ridge : M1 vs M0,79,-5.126,-9.838,-1.558,0.938,0.963,,,,,,,,0.997,False
E3 volatilité,y_d_spread,rf : M1 vs M0,79,-17.039,-14.111,0.789,0.216,0.994,,,,,,,,0.997,False
E3 volatilité,y_d_spread,xgb : M1 vs M0,79,-46.608,-36.573,0.874,0.192,0.999,,,,,,,,0.997,False
E3 volatilité,y_d_oat,ridge : M1 vs M0,79,2.654,2.162,-0.176,0.57,0.386,,,,,,,,0.997,False
E3 volatilité,y_d_oat,rf : M1 vs M0,79,3.116,4.45,0.384,0.351,0.318,,,,,,,,0.997,False
E3 volatilité,y_d_oat,xgb : M1 vs M0,79,-11.968,-2.029,1.333,0.093,0.552,,,,,,,,0.997,False
E3 volatilité,y_cac_ret,ridge : M1 vs M0,79,-0.639,-3.366,-1.048,0.851,0.688,,,,,,,,0.997,False
E3 volatilité,y_cac_ret,rf : M1 vs M0,79,9.278,6.826,-0.938,0.824,0.177,,,,,,,,0.997,False
E3 volatilité,y_cac_ret,xgb : M1 vs M0,79,2.411,2.685,0.047,0.481,0.42,,,,,,,,0.997,False
E4 surprise,y_d_spread,ridge : M0 + surprise vs M0,74,-14.184,-16.247,-0.485,0.686,0.951,test jusqu'à 2026-02 (LFI 2026 indisponible),,,,,,,0.997,False
E4 surprise,y_d_spread,ridge : M1 + surprise vs M0,74,-14.184,-16.291,-0.317,0.624,0.96,test jusqu'à 2026-02,,,,,,,0.997,False
E4 surprise,y_d_spread,rf : M0 + surprise vs M0,74,-2.696,-7.779,-1.635,0.947,0.84,test jusqu'à 2026-02 (LFI 2026 indisponible),,,,,,,0.997,False
E4 surprise,y_d_spread,rf : M1 + surprise vs M0,74,-2.696,-9.275,-1.408,0.918,0.889,test jusqu'à 2026-02,,,,,,,0.997,False
E4 surprise,y_d_spread,xgb : M0 + surprise vs M0,74,-26.577,-48.962,-2.191,0.984,0.999,test jusqu'à 2026-02 (LFI 2026 indisponible),,,,,,,0.997,False
E4 surprise,y_d_spread,xgb : M1 + surprise vs M0,74,-26.577,-30.263,-0.356,0.638,0.985,test jusqu'à 2026-02,,,,,,,0.997,False
E4 surprise,y_d_oat,ridge : M0 + surprise vs M0,74,-12.486,-15.532,-1.555,0.938,0.872,test jusqu'à 2026-02 (LFI 2026 indisponible),,,,,,,0.997,False
E4 surprise,y_d_oat,ridge : M1 + surprise vs M0,74,-12.486,-17.27,-0.94,0.825,0.901,test jusqu'à 2026-02,,,,,,,0.997,False
E4 surprise,y_d_oat,rf : M0 + surprise vs M0,74,-5.016,-4.667,0.272,0.393,0.67,test jusqu'à 2026-02 (LFI 2026 indisponible),,,,,,,0.997,False
E4 surprise,y_d_oat,rf : M1 + surprise vs M0,74,-5.016,-7.259,-0.572,0.716,0.757,test jusqu'à 2026-02,,,,,,,0.997,False
E4 surprise,y_d_oat,xgb : M0 + surprise vs M0,74,-21.258,-24.967,-0.832,0.796,0.919,test jusqu'à 2026-02 (LFI 2026 indisponible),,,,,,,0.997,False
E4 surprise,y_d_oat,xgb : M1 + surprise vs M0,74,-21.258,-26.466,-0.683,0.752,0.938,test jusqu'à 2026-02,,,,,,,0.997,False
E4 surprise,y_cac_ret,ridge : M0 + surprise vs M0,74,-0.343,-0.735,-0.585,0.72,0.789,test jusqu'à 2026-02 (LFI 2026 indisponible),,,,,,,0.997,False
E4 surprise,y_cac_ret,ridge : M1 + surprise vs M0,74,-0.343,-1.996,-1.116,0.866,0.878,test jusqu'à 2026-02,,,,,,,0.997,False
E4 surprise,y_cac_ret,rf : M0 + surprise vs M0,74,-8.302,-10.837,-1.303,0.902,0.965,test jusqu'à 2026-02 (LFI 2026 indisponible),,,,,,,0.997,False
E4 surprise,y_cac_ret,rf : M1 + surprise vs M0,74,-8.302,-9.949,-0.416,0.661,0.972,test jusqu'à 2026-02,,,,,,,0.997,False
E4 surprise,y_cac_ret,xgb : M0 + surprise vs M0,74,-35.58,-34.389,0.23,0.409,0.994,test jusqu'à 2026-02 (LFI 2026 indisponible),,,,,,,0.997,False
E4 surprise,y_cac_ret,xgb : M1 + surprise vs M0,74,-35.58,-27.28,0.951,0.172,0.989,test jusqu'à 2026-02,,,,,,,0.997,False
E5 régime,y_d_spread,ridge : M1 + interactions régime vs M0 + régime,79,-15.052,-32.406,-0.945,0.826,0.956,,,,,,,,0.997,False
E5 régime,y_d_oat,ridge : M1 + interactions régime vs M0 + régime,79,-12.302,-22.854,-1.685,0.952,0.935,,,,,,,,0.997,False
E5 régime,y_cac_ret,ridge : M1 + interactions régime vs M0 + régime,79,-2.578,-10.276,-1.527,0.935,0.957,,,,,,,,0.997,False
E6 réduit,y_d_spread,ridge : réduit + 2 dépenses vs réduit,79,-4.114,-4.797,-1.032,0.847,0.826,,,,,,,,0.997,False
E6 réduit,y_d_spread,ridge : réduit + 2 CP des dépenses vs réduit,79,-4.114,-3.992,0.1,0.46,0.772,,,,,,,,0.997,False
E6 réduit,y_d_spread,rf : réduit + 2 dépenses vs réduit,79,-6.179,-8.819,-0.887,0.811,0.822,,,,,,,,0.997,False
E6 réduit,y_d_spread,rf : réduit + 2 CP des dépenses vs réduit,79,-6.179,-11.037,-1.249,0.892,0.881,,,,,,,,0.997,False
E6 réduit,y_d_spread,xgb : réduit + 2 dépenses vs réduit,79,-23.136,-33.181,-1.003,0.84,0.983,,,,,,,,0.997,False
E6 réduit,y_d_spread,xgb : réduit + 2 CP des dépenses vs réduit,79,-23.136,-27.637,-0.538,0.704,0.968,,,,,,,,0.997,False
E6 réduit,y_d_oat,ridge : réduit + 2 dépenses vs réduit,79,-5.2,-4.701,0.161,0.436,0.661,,,,,,,,0.997,False
E6 réduit,y_d_oat,ridge : réduit + 2 CP des dépenses vs réduit,79,-5.2,-5.546,-0.21,0.583,0.67,,,,,,,,0.997,False
E6 réduit,y_d_oat,rf : réduit + 2 dépenses vs réduit,79,-3.119,-7.22,-1.17,0.877,0.736,,,,,,,,0.997,False
E6 réduit,y_d_oat,rf : réduit + 2 CP des dépenses vs réduit,79,-3.119,-7.339,-1.134,0.87,0.746,,,,,,,,0.997,False
E6 réduit,y_d_oat,xgb : réduit + 2 dépenses vs réduit,79,-24.685,-33.728,-1.231,0.889,0.98,,,,,,,,0.997,False
E6 réduit,y_d_oat,xgb : réduit + 2 CP des dépenses vs réduit,79,-24.685,-30.931,-0.734,0.768,0.963,,,,,,,,0.997,False
E6 réduit,y_cac_ret,ridge : réduit + 2 dépenses vs réduit,79,-2.427,-2.884,-0.446,0.672,0.845,,,,,,,,0.997,False
E6 réduit,y_cac_ret,ridge : réduit + 2 CP des dépenses vs réduit,79,-2.427,-2.065,0.464,0.322,0.83,,,,,,,,0.997,False
E6 réduit,y_cac_ret,rf : réduit + 2 dépenses vs réduit,79,-8.092,-7.721,0.118,0.453,0.966,,,,,,,,0.997,False
E6 réduit,y_cac_ret,rf : réduit + 2 CP des dépenses vs réduit,79,-8.092,-5.632,1.124,0.132,0.949,,,,,,,,0.997,False
E6 réduit,y_cac_ret,xgb : réduit + 2 dépenses vs réduit,79,-37.87,-32.357,0.71,0.24,0.996,,,,,,,,0.997,False
E6 réduit,y_cac_ret,xgb : réduit + 2 CP des dépenses vs réduit,79,-37.87,-32.54,0.785,0.217,0.998,,,,,,,,0.997,False
E7 tempérée,y_d_spread,ridge 50/50 avec la moyenne : M1 vs M0,79,-2.095,-3.212,-0.45,0.673,0.792,,,,,,,,0.997,False
E7 tempérée,y_d_spread,rf 50/50 avec la moyenne : M1 vs M0,79,0.258,-1.296,-1.099,0.862,0.654,,,,,,,,0.997,False
E7 tempérée,y_d_spread,xgb 50/50 avec la moyenne : M1 vs M0,79,-7.254,-8.372,-0.288,0.613,0.903,,,,,,,,0.997,False
E8 combinaison,y_d_spread,moyenne Ridge/RF/XGB : M1 vs M0,79,-9.88,-10.986,-0.245,0.596,0.905,,,,,,,,0.997,False
E8 combinaison,y_d_spread,combinaison tempérée 50/50 : M1 vs M0,79,-1.585,-2.996,-0.638,0.737,0.771,,,,,,,,0.997,False
E7 tempérée,y_d_oat,ridge 50/50 avec la moyenne : M1 vs M0,79,-1.966,-3.677,-0.756,0.774,0.736,,,,,,,,0.997,False
E7 tempérée,y_d_oat,rf 50/50 avec la moyenne : M1 vs M0,79,0.9,0.462,-0.231,0.591,0.462,,,,,,,,0.997,False
E7 tempérée,y_d_oat,xgb 50/50 avec la moyenne : M1 vs M0,79,-2.015,-4.663,-0.969,0.832,0.71,,,,,,,,0.997,False
E8 combinaison,y_d_oat,moyenne Ridge/RF/XGB : M1 vs M0,79,-8.906,-12.133,-0.842,0.799,0.83,,,,,,,,0.997,False
E8 combinaison,y_d_oat,combinaison tempérée 50/50 : M1 vs M0,79,-0.035,-1.754,-0.878,0.809,0.614,,,,,,,,0.997,False
E7 tempérée,y_cac_ret,ridge 50/50 avec la moyenne : M1 vs M0,79,-0.109,-0.898,-1.219,0.887,0.853,,,,,,,,0.997,False
E7 tempérée,y_cac_ret,rf 50/50 avec la moyenne : M1 vs M0,79,-3.158,-4.293,-0.555,0.71,0.958,,,,,,,,0.997,False
E7 tempérée,y_cac_ret,xgb 50/50 avec la moyenne : M1 vs M0,79,-12.113,-8.423,0.989,0.163,0.941,,,,,,,,0.997,False
E8 combinaison,y_cac_ret,moyenne Ridge/RF/XGB : M1 vs M0,79,-10.684,-9.686,0.306,0.38,0.964,,,,,,,,0.997,False
E8 combinaison,y_cac_ret,combinaison tempérée 50/50 : M1 vs M0,79,-4.104,-3.761,0.217,0.414,0.924,,,,,,,,0.997,False
E9 Elastic Net,y_d_spread,enet : M1 vs M0,79,-1.963,-3.571,-0.57,0.715,0.804,,,,,,,,0.997,False
E9 Elastic Net,y_d_oat,enet : M1 vs M0,79,-5.856,-6.895,-0.331,0.629,0.724,,,,,,,,0.997,False
E9 Elastic Net,y_cac_ret,enet : M1 vs M0,79,0.264,-3.258,-1.431,0.922,0.904,,,,,,,,0.997,False
