cle,cible,libelle,sans,avec,mrw_sans,mrw_avec,p_min_BH,n_comparaisons,ordre
E0,y_cac_ret,Modèle principal (h = 1 mois),-1.34,-3.5,,,,,0.0
E0,y_d_oat,Modèle principal (h = 1 mois),-6.94,-6.91,,,,,0.0
E0,y_d_spread,Modèle principal (h = 1 mois),-6.79,-8.44,,,,,0.0
E1 h=3,y_cac_ret,E1 Horizon 3 mois,-7.07,-11.96,,,1.0,3.0,1.0
E1 h=3,y_d_oat,E1 Horizon 3 mois,-2.2,-7.58,,,1.0,3.0,1.0
E1 h=3,y_d_spread,E1 Horizon 3 mois,3.12,-8.0,,,1.0,3.0,1.0
E1 h=6,y_cac_ret,E1 Horizon 6 mois,-31.63,-39.62,,,0.84,3.0,2.0
E1 h=6,y_d_oat,E1 Horizon 6 mois,-25.34,-38.59,,,1.0,3.0,2.0
E1 h=6,y_d_spread,E1 Horizon 6 mois,-9.75,-16.88,,,1.0,3.0,2.0
E1 h=12,y_cac_ret,E1 Horizon 12 mois,14.1,-17.28,,,1.0,3.0,3.0
E1 h=12,y_d_oat,E1 Horizon 12 mois,-34.58,-33.38,,,1.0,3.0,3.0
E1 h=12,y_d_spread,E1 Horizon 12 mois,-100.66,-100.22,,,0.84,3.0,3.0
E2,y_cac_ret,E2 Hausse/baisse (Brier),-5.53,-6.86,,,1.0,3.0,4.0
E2,y_d_oat,E2 Hausse/baisse (Brier),5.2,7.07,,,1.0,3.0,4.0
E2,y_d_spread,E2 Hausse/baisse (Brier),-0.66,1.04,,,1.0,3.0,4.0
E3,y_cac_ret,E3 Volatilité,9.28,6.83,,,1.0,3.0,5.0
E3,y_d_oat,E3 Volatilité,3.12,4.45,,,1.0,3.0,5.0
E3,y_d_spread,E3 Volatilité,-5.13,-9.84,,,1.0,3.0,5.0
E4,y_cac_ret,E4 Surprise budgétaire,-0.34,-0.74,,,1.0,6.0,6.0
E4,y_d_oat,E4 Surprise budgétaire,-5.02,-4.67,,,1.0,6.0,6.0
E4,y_d_spread,E4 Surprise budgétaire,-2.7,-7.78,,,1.0,6.0,6.0
E5,y_cac_ret,E5 Interactions régime,-2.58,-10.28,,,1.0,1.0,7.0
E5,y_d_oat,E5 Interactions régime,-12.3,-22.85,,,1.0,1.0,7.0
E5,y_d_spread,E5 Interactions régime,-15.05,-32.41,,,1.0,1.0,7.0
E6,y_cac_ret,E6 Variables réduites / ACP,-2.43,-2.06,,,1.0,6.0,8.0
E6,y_d_oat,E6 Variables réduites / ACP,-3.12,-4.7,,,1.0,6.0,8.0
E6,y_d_spread,E6 Variables réduites / ACP,-4.11,-3.99,,,1.0,6.0,8.0
E7,y_cac_ret,E7 Prévisions tempérées,-0.11,-0.9,,,1.0,3.0,9.0
E7,y_d_oat,E7 Prévisions tempérées,0.9,0.46,,,1.0,3.0,9.0
E7,y_d_spread,E7 Prévisions tempérées,0.26,-1.3,,,1.0,3.0,9.0
E8,y_cac_ret,E8 Combinaison,-4.1,-3.76,,,1.0,2.0,10.0
E8,y_d_oat,E8 Combinaison,-0.04,-1.75,,,1.0,2.0,10.0
E8,y_d_spread,E8 Combinaison,-1.58,-3.0,,,1.0,2.0,10.0
E9,y_cac_ret,E9 Elastic Net,0.26,-3.26,,,1.0,1.0,11.0
E9,y_d_oat,E9 Elastic Net,-5.86,-6.9,,,1.0,1.0,11.0
E9,y_d_spread,E9 Elastic Net,-1.96,-3.57,,,1.0,1.0,11.0
E10,y_cac_ret,E10 XGBoost réglé,-4.85,-3.1,,,1.0,1.0,12.0
E10,y_d_oat,E10 XGBoost réglé,-0.87,-4.09,,,1.0,1.0,12.0
E10,y_d_spread,E10 XGBoost réglé,-2.11,-6.03,,,1.0,1.0,12.0
E11,y_cac_ret,E11 Fenêtre 60 mois,-1.96,-6.44,,,1.0,3.0,13.0
E11,y_d_oat,E11 Fenêtre 60 mois,-6.33,-8.06,,,1.0,3.0,13.0
E11,y_d_spread,E11 Fenêtre 60 mois,-4.27,-7.79,,,1.0,3.0,13.0
E13,y_cac_ret,E13 Notations,-0.39,-11.07,,,1.0,3.0,14.0
E13,y_d_oat,E13 Notations,-2.66,-5.6,,,1.0,3.0,14.0
E13,y_d_spread,E13 Notations,-1.53,-6.97,,,1.0,3.0,14.0
E20a,y_cac_ret,E20 Incertitude politique (M0+EPU vs M0),-0.28,-0.33,,,1.0,3.0,15.0
E20a,y_d_oat,E20 Incertitude politique (M0+EPU vs M0),-4.81,-2.37,,,1.0,3.0,15.0
E20a,y_d_spread,E20 Incertitude politique (M0+EPU vs M0),-3.58,-2.05,,,1.0,3.0,15.0
E20b,y_cac_ret,E20 Dépenses | incertitude (M1+EPU vs M0+EPU),-0.33,-1.36,,,1.0,3.0,16.0
E20b,y_d_oat,E20 Dépenses | incertitude (M1+EPU vs M0+EPU),-2.37,-4.4,,,1.0,3.0,16.0
E20b,y_d_spread,E20 Dépenses | incertitude (M1+EPU vs M0+EPU),-2.05,-5.12,,,1.0,3.0,16.0
E15,Δ spread trimestriel (5 pays),E15 Panel trimestriel (moyennes),13.9,15.5,,13.73,1.0,3.0,100.0
E16,spread niveau,"E16 Panel mensuel, niveau du spread",96.92,97.1,-35.17,-26.93,1.0,3.0,101.0
E16,spread variation,"E16 Panel mensuel, variation du spread",-3.96,-4.04,-9.88,-9.96,1.0,3.0,102.0
E17,Δ spread annuel (5 pays),E17 Panel annuel (décembre),-45.5,-19.78,-62.49,-33.76,1.0,3.0,103.0
E18,Δ spread trimestriel fin de trimestre (5 pays),"E18 Panel, régime de crise (exploratoire)",-3.32,-5.01,-5.5,-7.22,1.0,3.0,104.0
E19,btp_concessions (excès CAC 40),E19 Actions BTP-concessions (excès CAC 40),0.49,0.36,,,1.0,6.0,105.0
E19,defense (excès CAC 40),E19 Actions défense (excès CAC 40),-0.93,-3.09,,,0.84,6.0,106.0
