,y_d_spread,y_d_oat,y_cac_ret
d_spread,0.46332765,1.2574364,0.58339745
d_spread_l1,0.2596229,0.74627376,0.34268227
spread_bp,0.7380431,1.3915795,0.12858564
d_oat,0.71315783,2.0342042,0.13342853
d_oat_l1,0.2350697,1.8915352,0.3617941
cac_ret,0.20582262,1.6800961,0.5222507
cac_ret_l1,0.5803461,1.5328596,0.3832704
vix,0.14342201,0.7923387,0.4482108
d_vix,0.28912035,0.54599637,0.44669297
inflation_yoy,0.65535754,1.603915,0.31624064
ecb_dfr,0.14721347,0.21540925,0.091791406
b_dep_totales_ytd_gap,0.19054131,0.5808729,0.22443216
b_dep_personnel_ytd_gap,0.26038587,0.646664,0.19633992
b_dep_fonctionnement_ytd_gap,0.22898461,0.6535581,0.21743874
b_dep_charge_dette_ytd_gap,0.22601753,1.2104237,0.2782984
b_dep_investissement_ytd_gap,0.27788532,1.5788344,0.4209261
b_dep_intervention_ytd_gap,0.5183567,2.1526437,0.1733754
b_psr_total_ytd_gap,0.4188959,0.46797794,0.048377223
