lag_mois,cible,modele,n_test,R2_M0_%,R2_M1_%,delta_R2_M1_moins_M0_pts,p_DM_bilaterale_M1_vs_M0,p_BH_H1,meilleur_R2_%_tous_modeles,R2_positif_quelque_part
1,y_d_spread,ridge,79,-15.164,-18.937,-3.773,0.455,0.967,,
1,y_d_spread,rf,79,-3.892,-10.374,-6.482,0.057,0.971,,
1,y_d_spread,xgb,79,-29.659,-41.256,-11.597,0.296,0.967,,
1,y_d_oat,ridge,79,-10.93,-11.233,-0.303,0.956,0.854,,
1,y_d_oat,rf,79,-5.518,-4.214,1.304,0.778,0.806,,
1,y_d_oat,xgb,79,-26.575,-19.26,7.315,0.564,0.806,,
1,y_cac_ret,ridge,79,-1.379,-0.743,0.636,0.621,0.806,,
1,y_cac_ret,rf,79,-9.743,-9.315,0.428,0.905,0.815,,
1,y_cac_ret,xgb,79,-37.211,-34.221,2.99,0.775,0.806,,
2,y_d_spread,ridge,79,-14.891,-14.708,0.183,0.971,0.809,,
2,y_d_spread,rf,79,-6.791,-8.444,-1.653,0.577,0.854,,
2,y_d_spread,xgb,79,-35.408,-30.102,5.306,0.605,0.809,,
2,y_d_oat,ridge,79,-11.314,-11.265,0.049,0.989,0.809,,
2,y_d_oat,rf,79,-6.945,-6.913,0.032,0.993,0.809,,
2,y_d_oat,xgb,79,-30.224,-30.38,-0.156,0.982,0.809,,
2,y_cac_ret,ridge,79,-1.345,-3.499,-2.154,0.366,0.865,,
2,y_cac_ret,rf,79,-9.636,-10.783,-1.147,0.769,0.809,,
2,y_cac_ret,xgb,79,-31.66,-27.818,3.842,0.626,0.809,,
3,y_d_spread,ridge,79,-14.188,-24.37,-10.182,0.139,0.985,,
3,y_d_spread,rf,79,-5.223,-5.692,-0.469,0.872,0.887,,
3,y_d_spread,xgb,79,-35.006,-31.287,3.719,0.601,0.677,,
3,y_d_oat,ridge,79,-12.219,-14.511,-2.292,0.608,0.895,,
3,y_d_oat,rf,79,-7.46,-3.723,3.737,0.315,0.511,,
3,y_d_oat,xgb,79,-28.366,-11.904,16.462,0.09,0.511,,
3,y_cac_ret,ridge,79,-4.249,-2.661,1.588,0.332,0.511,,
3,y_cac_ret,rf,79,-9.363,-11.395,-2.032,0.486,0.909,,
3,y_cac_ret,xgb,79,-32.157,-35.543,-3.386,0.626,0.895,,
1,TOUTES,synthèse,79,,,,0.057,0.806,-0.743,False
2,TOUTES,synthèse,79,,,,0.366,0.809,-1.345,False
3,TOUTES,synthèse,79,,,,0.09,0.511,-2.56,False
