script,cible,jeu,mois,alpha,alpha_max_grille,borne_haute
04,y_d_spread,M0,2020-01,49.238826317067364,1000000.0,False
04,y_d_spread,M0,2020-02,49.238826317067364,1000000.0,False
04,y_d_spread,M0,2020-03,78.96522868499724,1000000.0,False
04,y_d_spread,M0,2020-04,49.238826317067364,1000000.0,False
04,y_d_spread,M0,2020-05,49.238826317067364,1000000.0,False
04,y_d_spread,M0,2020-06,49.238826317067364,1000000.0,False
04,y_d_spread,M0,2020-07,49.238826317067364,1000000.0,False
04,y_d_spread,M0,2020-08,49.238826317067364,1000000.0,False
04,y_d_spread,M0,2020-09,49.238826317067364,1000000.0,False
04,y_d_spread,M0,2020-10,49.238826317067364,1000000.0,False
04,y_d_spread,M0,2020-11,49.238826317067364,1000000.0,False
04,y_d_spread,M0,2020-12,30.702906297578497,1000000.0,False
04,y_d_spread,M0,2021-01,30.702906297578497,1000000.0,False
04,y_d_spread,M0,2021-02,30.702906297578497,1000000.0,False
04,y_d_spread,M0,2021-03,30.702906297578497,1000000.0,False
04,y_d_spread,M0,2021-04,30.702906297578497,1000000.0,False
04,y_d_spread,M0,2021-05,30.702906297578497,1000000.0,False
04,y_d_spread,M0,2021-06,30.702906297578497,1000000.0,False
04,y_d_spread,M0,2021-07,30.702906297578497,1000000.0,False
04,y_d_spread,M0,2021-08,30.702906297578497,1000000.0,False
04,y_d_spread,M0,2021-09,30.702906297578497,1000000.0,False
04,y_d_spread,M0,2021-10,30.702906297578497,1000000.0,False
04,y_d_spread,M0,2021-11,30.702906297578497,1000000.0,False
04,y_d_spread,M0,2021-12,30.702906297578497,1000000.0,False
04,y_d_spread,M0,2022-01,30.702906297578497,1000000.0,False
04,y_d_spread,M0,2022-02,30.702906297578497,1000000.0,False
04,y_d_spread,M0,2022-03,30.702906297578497,1000000.0,False
04,y_d_spread,M0,2022-04,30.702906297578497,1000000.0,False
04,y_d_spread,M0,2022-05,19.144819761699576,1000000.0,False
04,y_d_spread,M0,2022-06,19.144819761699576,1000000.0,False
04,y_d_spread,M0,2022-07,19.144819761699576,1000000.0,False
04,y_d_spread,M0,2022-08,19.144819761699576,1000000.0,False
04,y_d_spread,M0,2022-09,19.144819761699576,1000000.0,False
04,y_d_spread,M0,2022-10,30.702906297578497,1000000.0,False
04,y_d_spread,M0,2022-11,19.144819761699576,1000000.0,False
04,y_d_spread,M0,2022-12,19.144819761699576,1000000.0,False
04,y_d_spread,M0,2023-01,19.144819761699576,1000000.0,False
04,y_d_spread,M0,2023-02,11.937766417144358,1000000.0,False
04,y_d_spread,M0,2023-03,11.937766417144358,1000000.0,False
04,y_d_spread,M0,2023-04,11.937766417144358,1000000.0,False
04,y_d_spread,M0,2023-05,11.937766417144358,1000000.0,False
04,y_d_spread,M0,2023-06,11.937766417144358,1000000.0,False
04,y_d_spread,M0,2023-07,11.937766417144358,1000000.0,False
04,y_d_spread,M0,2023-08,11.937766417144358,1000000.0,False
04,y_d_spread,M0,2023-09,11.937766417144358,1000000.0,False
04,y_d_spread,M0,2023-10,11.937766417144358,1000000.0,False
04,y_d_spread,M0,2023-11,11.937766417144358,1000000.0,False
04,y_d_spread,M0,2023-12,11.937766417144358,1000000.0,False
04,y_d_spread,M0,2024-01,11.937766417144358,1000000.0,False
04,y_d_spread,M0,2024-02,11.937766417144358,1000000.0,False
04,y_d_spread,M0,2024-03,11.937766417144358,1000000.0,False
04,y_d_spread,M0,2024-04,11.937766417144358,1000000.0,False
04,y_d_spread,M0,2024-05,11.937766417144358,1000000.0,False
04,y_d_spread,M0,2024-06,19.144819761699576,1000000.0,False
04,y_d_spread,M0,2024-07,19.144819761699576,1000000.0,False
04,y_d_spread,M0,2024-08,11.937766417144358,1000000.0,False
04,y_d_spread,M0,2024-09,11.937766417144358,1000000.0,False
04,y_d_spread,M0,2024-10,19.144819761699576,1000000.0,False
04,y_d_spread,M0,2024-11,19.144819761699576,1000000.0,False
04,y_d_spread,M0,2024-12,19.144819761699576,1000000.0,False
04,y_d_spread,M0,2025-01,30.702906297578497,1000000.0,False
04,y_d_spread,M0,2025-02,19.144819761699576,1000000.0,False
04,y_d_spread,M0,2025-03,19.144819761699576,1000000.0,False
04,y_d_spread,M0,2025-04,30.702906297578497,1000000.0,False
04,y_d_spread,M0,2025-05,19.144819761699576,1000000.0,False
04,y_d_spread,M0,2025-06,30.702906297578497,1000000.0,False
04,y_d_spread,M0,2025-07,30.702906297578497,1000000.0,False
04,y_d_spread,M0,2025-08,30.702906297578497,1000000.0,False
04,y_d_spread,M0,2025-09,49.238826317067364,1000000.0,False
04,y_d_spread,M0,2025-10,49.238826317067364,1000000.0,False
04,y_d_spread,M0,2025-11,30.702906297578497,1000000.0,False
04,y_d_spread,M0,2025-12,30.702906297578497,1000000.0,False
04,y_d_spread,M0,2026-01,30.702906297578497,1000000.0,False
04,y_d_spread,M0,2026-02,30.702906297578497,1000000.0,False
04,y_d_spread,M0,2026-03,49.238826317067364,1000000.0,False
04,y_d_spread,M0,2026-04,30.702906297578497,1000000.0,False
04,y_d_spread,M0,2026-05,30.702906297578497,1000000.0,False
04,y_d_spread,M0,2026-06,30.702906297578497,1000000.0,False
04,y_d_spread,M0,2026-07,49.238826317067364,1000000.0,False
04,y_d_spread,M1,2020-01,78.96522868499724,1000000.0,False
04,y_d_spread,M1,2020-02,78.96522868499724,1000000.0,False
04,y_d_spread,M1,2020-03,203.09176209047348,1000000.0,False
04,y_d_spread,M1,2020-04,126.63801734674021,1000000.0,False
04,y_d_spread,M1,2020-05,126.63801734674021,1000000.0,False
04,y_d_spread,M1,2020-06,126.63801734674021,1000000.0,False
04,y_d_spread,M1,2020-07,78.96522868499724,1000000.0,False
04,y_d_spread,M1,2020-08,78.96522868499724,1000000.0,False
04,y_d_spread,M1,2020-09,126.63801734674021,1000000.0,False
04,y_d_spread,M1,2020-10,126.63801734674021,1000000.0,False
04,y_d_spread,M1,2020-11,78.96522868499724,1000000.0,False
04,y_d_spread,M1,2020-12,78.96522868499724,1000000.0,False
04,y_d_spread,M1,2021-01,78.96522868499724,1000000.0,False
04,y_d_spread,M1,2021-02,78.96522868499724,1000000.0,False
04,y_d_spread,M1,2021-03,78.96522868499724,1000000.0,False
04,y_d_spread,M1,2021-04,78.96522868499724,1000000.0,False
04,y_d_spread,M1,2021-05,78.96522868499724,1000000.0,False
04,y_d_spread,M1,2021-06,78.96522868499724,1000000.0,False
04,y_d_spread,M1,2021-07,78.96522868499724,1000000.0,False
04,y_d_spread,M1,2021-08,78.96522868499724,1000000.0,False
04,y_d_spread,M1,2021-09,78.96522868499724,1000000.0,False
04,y_d_spread,M1,2021-10,78.96522868499724,1000000.0,False
04,y_d_spread,M1,2021-11,78.96522868499724,1000000.0,False
04,y_d_spread,M1,2021-12,78.96522868499724,1000000.0,False
04,y_d_spread,M1,2022-01,78.96522868499724,1000000.0,False
04,y_d_spread,M1,2022-02,49.238826317067364,1000000.0,False
04,y_d_spread,M1,2022-03,49.238826317067364,1000000.0,False
04,y_d_spread,M1,2022-04,49.238826317067364,1000000.0,False
04,y_d_spread,M1,2022-05,49.238826317067364,1000000.0,False
04,y_d_spread,M1,2022-06,49.238826317067364,1000000.0,False
04,y_d_spread,M1,2022-07,49.238826317067364,1000000.0,False
04,y_d_spread,M1,2022-08,49.238826317067364,1000000.0,False
04,y_d_spread,M1,2022-09,49.238826317067364,1000000.0,False
04,y_d_spread,M1,2022-10,49.238826317067364,1000000.0,False
04,y_d_spread,M1,2022-11,30.702906297578497,1000000.0,False
04,y_d_spread,M1,2022-12,30.702906297578497,1000000.0,False
04,y_d_spread,M1,2023-01,30.702906297578497,1000000.0,False
04,y_d_spread,M1,2023-02,19.144819761699576,1000000.0,False
04,y_d_spread,M1,2023-03,19.144819761699576,1000000.0,False
04,y_d_spread,M1,2023-04,19.144819761699576,1000000.0,False
04,y_d_spread,M1,2023-05,19.144819761699576,1000000.0,False
04,y_d_spread,M1,2023-06,19.144819761699576,1000000.0,False
04,y_d_spread,M1,2023-07,30.702906297578497,1000000.0,False
04,y_d_spread,M1,2023-08,19.144819761699576,1000000.0,False
04,y_d_spread,M1,2023-09,19.144819761699576,1000000.0,False
04,y_d_spread,M1,2023-10,30.702906297578497,1000000.0,False
04,y_d_spread,M1,2023-11,19.144819761699576,1000000.0,False
04,y_d_spread,M1,2023-12,19.144819761699576,1000000.0,False
04,y_d_spread,M1,2024-01,30.702906297578497,1000000.0,False
04,y_d_spread,M1,2024-02,19.144819761699576,1000000.0,False
04,y_d_spread,M1,2024-03,19.144819761699576,1000000.0,False
04,y_d_spread,M1,2024-04,19.144819761699576,1000000.0,False
04,y_d_spread,M1,2024-05,19.144819761699576,1000000.0,False
04,y_d_spread,M1,2024-06,30.702906297578497,1000000.0,False
04,y_d_spread,M1,2024-07,30.702906297578497,1000000.0,False
04,y_d_spread,M1,2024-08,30.702906297578497,1000000.0,False
04,y_d_spread,M1,2024-09,30.702906297578497,1000000.0,False
04,y_d_spread,M1,2024-10,49.238826317067364,1000000.0,False
04,y_d_spread,M1,2024-11,49.238826317067364,1000000.0,False
04,y_d_spread,M1,2024-12,49.238826317067364,1000000.0,False
04,y_d_spread,M1,2025-01,49.238826317067364,1000000.0,False
04,y_d_spread,M1,2025-02,30.702906297578497,1000000.0,False
04,y_d_spread,M1,2025-03,30.702906297578497,1000000.0,False
04,y_d_spread,M1,2025-04,203.09176209047348,1000000.0,False
04,y_d_spread,M1,2025-05,126.63801734674021,1000000.0,False
04,y_d_spread,M1,2025-06,203.09176209047348,1000000.0,False
04,y_d_spread,M1,2025-07,325.7020655659783,1000000.0,False
04,y_d_spread,M1,2025-08,325.7020655659783,1000000.0,False
04,y_d_spread,M1,2025-09,522.3345074266844,1000000.0,False
04,y_d_spread,M1,2025-10,522.3345074266844,1000000.0,False
04,y_d_spread,M1,2025-11,522.3345074266844,1000000.0,False
04,y_d_spread,M1,2025-12,325.7020655659783,1000000.0,False
04,y_d_spread,M1,2026-01,325.7020655659783,1000000.0,False
04,y_d_spread,M1,2026-02,203.09176209047348,1000000.0,False
04,y_d_spread,M1,2026-03,837.6776400682924,1000000.0,False
04,y_d_spread,M1,2026-04,1343.3993325988988,1000000.0,False
04,y_d_spread,M1,2026-05,837.6776400682924,1000000.0,False
04,y_d_spread,M1,2026-06,1343.3993325988988,1000000.0,False
04,y_d_spread,M1,2026-07,36652.41237079626,1000000.0,False
04,y_d_spread,M2,2020-01,49.238826317067364,1000000.0,False
04,y_d_spread,M2,2020-02,49.238826317067364,1000000.0,False
04,y_d_spread,M2,2020-03,126.63801734674021,1000000.0,False
04,y_d_spread,M2,2020-04,126.63801734674021,1000000.0,False
04,y_d_spread,M2,2020-05,78.96522868499724,1000000.0,False
04,y_d_spread,M2,2020-06,49.238826317067364,1000000.0,False
04,y_d_spread,M2,2020-07,11.937766417144358,1000000.0,False
04,y_d_spread,M2,2020-08,30.702906297578497,1000000.0,False
04,y_d_spread,M2,2020-09,78.96522868499724,1000000.0,False
04,y_d_spread,M2,2020-10,78.96522868499724,1000000.0,False
04,y_d_spread,M2,2020-11,78.96522868499724,1000000.0,False
04,y_d_spread,M2,2020-12,78.96522868499724,1000000.0,False
04,y_d_spread,M2,2021-01,78.96522868499724,1000000.0,False
04,y_d_spread,M2,2021-02,78.96522868499724,1000000.0,False
04,y_d_spread,M2,2021-03,78.96522868499724,1000000.0,False
04,y_d_spread,M2,2021-04,78.96522868499724,1000000.0,False
04,y_d_spread,M2,2021-05,49.238826317067364,1000000.0,False
04,y_d_spread,M2,2021-06,49.238826317067364,1000000.0,False
04,y_d_spread,M2,2021-07,49.238826317067364,1000000.0,False
04,y_d_spread,M2,2021-08,49.238826317067364,1000000.0,False
04,y_d_spread,M2,2021-09,49.238826317067364,1000000.0,False
04,y_d_spread,M2,2021-10,49.238826317067364,1000000.0,False
04,y_d_spread,M2,2021-11,49.238826317067364,1000000.0,False
04,y_d_spread,M2,2021-12,49.238826317067364,1000000.0,False
04,y_d_spread,M2,2022-01,49.238826317067364,1000000.0,False
04,y_d_spread,M2,2022-02,49.238826317067364,1000000.0,False
04,y_d_spread,M2,2022-03,49.238826317067364,1000000.0,False
04,y_d_spread,M2,2022-04,49.238826317067364,1000000.0,False
04,y_d_spread,M2,2022-05,49.238826317067364,1000000.0,False
04,y_d_spread,M2,2022-06,49.238826317067364,1000000.0,False
04,y_d_spread,M2,2022-07,49.238826317067364,1000000.0,False
04,y_d_spread,M2,2022-08,49.238826317067364,1000000.0,False
04,y_d_spread,M2,2022-09,49.238826317067364,1000000.0,False
04,y_d_spread,M2,2022-10,49.238826317067364,1000000.0,False
04,y_d_spread,M2,2022-11,0.43754793750741844,1000000.0,False
04,y_d_spread,M2,2022-12,0.2728333376486768,1000000.0,False
04,y_d_spread,M2,2023-01,0.2728333376486768,1000000.0,False
04,y_d_spread,M2,2023-02,0.2728333376486768,1000000.0,False
04,y_d_spread,M2,2023-03,0.43754793750741844,1000000.0,False
04,y_d_spread,M2,2023-04,19.144819761699576,1000000.0,False
04,y_d_spread,M2,2023-05,0.43754793750741844,1000000.0,False
04,y_d_spread,M2,2023-06,19.144819761699576,1000000.0,False
04,y_d_spread,M2,2023-07,0.7017038286703826,1000000.0,False
04,y_d_spread,M2,2023-08,0.7017038286703826,1000000.0,False
04,y_d_spread,M2,2023-09,0.7017038286703826,1000000.0,False
04,y_d_spread,M2,2023-10,0.43754793750741844,1000000.0,False
04,y_d_spread,M2,2023-11,0.7017038286703826,1000000.0,False
04,y_d_spread,M2,2023-12,0.7017038286703826,1000000.0,False
04,y_d_spread,M2,2024-01,0.43754793750741844,1000000.0,False
04,y_d_spread,M2,2024-02,0.7017038286703826,1000000.0,False
04,y_d_spread,M2,2024-03,0.7017038286703826,1000000.0,False
04,y_d_spread,M2,2024-04,11.937766417144358,1000000.0,False
04,y_d_spread,M2,2024-05,11.937766417144358,1000000.0,False
04,y_d_spread,M2,2024-06,30.702906297578497,1000000.0,False
04,y_d_spread,M2,2024-07,19.144819761699576,1000000.0,False
04,y_d_spread,M2,2024-08,30.702906297578497,1000000.0,False
04,y_d_spread,M2,2024-09,30.702906297578497,1000000.0,False
04,y_d_spread,M2,2024-10,30.702906297578497,1000000.0,False
04,y_d_spread,M2,2024-11,30.702906297578497,1000000.0,False
04,y_d_spread,M2,2024-12,30.702906297578497,1000000.0,False
04,y_d_spread,M2,2025-01,30.702906297578497,1000000.0,False
04,y_d_spread,M2,2025-02,30.702906297578497,1000000.0,False
04,y_d_spread,M2,2025-03,19.144819761699576,1000000.0,False
04,y_d_spread,M2,2025-04,522.3345074266844,1000000.0,False
04,y_d_spread,M2,2025-05,203.09176209047348,1000000.0,False
04,y_d_spread,M2,2025-06,522.3345074266844,1000000.0,False
04,y_d_spread,M2,2025-07,522.3345074266844,1000000.0,False
04,y_d_spread,M2,2025-08,837.6776400682924,1000000.0,False
04,y_d_spread,M2,2025-09,3455.1072945922183,1000000.0,False
04,y_d_spread,M2,2025-10,5541.020330009492,1000000.0,False
04,y_d_spread,M2,2025-11,1343.3993325988988,1000000.0,False
04,y_d_spread,M2,2025-12,837.6776400682924,1000000.0,False
04,y_d_spread,M2,2026-01,522.3345074266844,1000000.0,False
04,y_d_spread,M2,2026-02,325.7020655659783,1000000.0,False
04,y_d_spread,M2,2026-03,1000000.0,1000000.0,True
04,y_d_spread,M2,2026-04,1000000.0,1000000.0,True
04,y_d_spread,M2,2026-05,1000000.0,1000000.0,True
04,y_d_spread,M2,2026-06,1000000.0,1000000.0,True
04,y_d_spread,M2,2026-07,1000000.0,1000000.0,True
04,y_d_oat,M0,2020-01,49.238826317067364,1000000.0,False
04,y_d_oat,M0,2020-02,49.238826317067364,1000000.0,False
04,y_d_oat,M0,2020-03,49.238826317067364,1000000.0,False
04,y_d_oat,M0,2020-04,49.238826317067364,1000000.0,False
04,y_d_oat,M0,2020-05,49.238826317067364,1000000.0,False
04,y_d_oat,M0,2020-06,49.238826317067364,1000000.0,False
04,y_d_oat,M0,2020-07,49.238826317067364,1000000.0,False
04,y_d_oat,M0,2020-08,49.238826317067364,1000000.0,False
04,y_d_oat,M0,2020-09,49.238826317067364,1000000.0,False
04,y_d_oat,M0,2020-10,49.238826317067364,1000000.0,False
04,y_d_oat,M0,2020-11,49.238826317067364,1000000.0,False
04,y_d_oat,M0,2020-12,49.238826317067364,1000000.0,False
04,y_d_oat,M0,2021-01,49.238826317067364,1000000.0,False
04,y_d_oat,M0,2021-02,49.238826317067364,1000000.0,False
04,y_d_oat,M0,2021-03,49.238826317067364,1000000.0,False
04,y_d_oat,M0,2021-04,49.238826317067364,1000000.0,False
04,y_d_oat,M0,2021-05,49.238826317067364,1000000.0,False
04,y_d_oat,M0,2021-06,49.238826317067364,1000000.0,False
04,y_d_oat,M0,2021-07,49.238826317067364,1000000.0,False
04,y_d_oat,M0,2021-08,49.238826317067364,1000000.0,False
04,y_d_oat,M0,2021-09,49.238826317067364,1000000.0,False
04,y_d_oat,M0,2021-10,49.238826317067364,1000000.0,False
04,y_d_oat,M0,2021-11,49.238826317067364,1000000.0,False
04,y_d_oat,M0,2021-12,49.238826317067364,1000000.0,False
04,y_d_oat,M0,2022-01,49.238826317067364,1000000.0,False
04,y_d_oat,M0,2022-02,49.238826317067364,1000000.0,False
04,y_d_oat,M0,2022-03,49.238826317067364,1000000.0,False
04,y_d_oat,M0,2022-04,78.96522868499724,1000000.0,False
04,y_d_oat,M0,2022-05,49.238826317067364,1000000.0,False
04,y_d_oat,M0,2022-06,49.238826317067364,1000000.0,False
04,y_d_oat,M0,2022-07,126.63801734674021,1000000.0,False
04,y_d_oat,M0,2022-08,126.63801734674021,1000000.0,False
04,y_d_oat,M0,2022-09,203.09176209047348,1000000.0,False
04,y_d_oat,M0,2022-10,49.238826317067364,1000000.0,False
04,y_d_oat,M0,2022-11,126.63801734674021,1000000.0,False
04,y_d_oat,M0,2022-12,49.238826317067364,1000000.0,False
04,y_d_oat,M0,2023-01,49.238826317067364,1000000.0,False
04,y_d_oat,M0,2023-02,49.238826317067364,1000000.0,False
04,y_d_oat,M0,2023-03,49.238826317067364,1000000.0,False
04,y_d_oat,M0,2023-04,30.702906297578497,1000000.0,False
04,y_d_oat,M0,2023-05,30.702906297578497,1000000.0,False
04,y_d_oat,M0,2023-06,19.144819761699576,1000000.0,False
04,y_d_oat,M0,2023-07,49.238826317067364,1000000.0,False
04,y_d_oat,M0,2023-08,49.238826317067364,1000000.0,False
04,y_d_oat,M0,2023-09,78.96522868499724,1000000.0,False
04,y_d_oat,M0,2023-10,78.96522868499724,1000000.0,False
04,y_d_oat,M0,2023-11,78.96522868499724,1000000.0,False
04,y_d_oat,M0,2023-12,19.144819761699576,1000000.0,False
04,y_d_oat,M0,2024-01,19.144819761699576,1000000.0,False
04,y_d_oat,M0,2024-02,19.144819761699576,1000000.0,False
04,y_d_oat,M0,2024-03,19.144819761699576,1000000.0,False
04,y_d_oat,M0,2024-04,30.702906297578497,1000000.0,False
04,y_d_oat,M0,2024-05,49.238826317067364,1000000.0,False
04,y_d_oat,M0,2024-06,49.238826317067364,1000000.0,False
04,y_d_oat,M0,2024-07,49.238826317067364,1000000.0,False
04,y_d_oat,M0,2024-08,49.238826317067364,1000000.0,False
04,y_d_oat,M0,2024-09,49.238826317067364,1000000.0,False
04,y_d_oat,M0,2024-10,49.238826317067364,1000000.0,False
04,y_d_oat,M0,2024-11,78.96522868499724,1000000.0,False
04,y_d_oat,M0,2024-12,78.96522868499724,1000000.0,False
04,y_d_oat,M0,2025-01,126.63801734674021,1000000.0,False
04,y_d_oat,M0,2025-02,126.63801734674021,1000000.0,False
04,y_d_oat,M0,2025-03,203.09176209047348,1000000.0,False
04,y_d_oat,M0,2025-04,203.09176209047348,1000000.0,False
04,y_d_oat,M0,2025-05,203.09176209047348,1000000.0,False
04,y_d_oat,M0,2025-06,203.09176209047348,1000000.0,False
04,y_d_oat,M0,2025-07,203.09176209047348,1000000.0,False
04,y_d_oat,M0,2025-08,203.09176209047348,1000000.0,False
04,y_d_oat,M0,2025-09,203.09176209047348,1000000.0,False
04,y_d_oat,M0,2025-10,203.09176209047348,1000000.0,False
04,y_d_oat,M0,2025-11,203.09176209047348,1000000.0,False
04,y_d_oat,M0,2025-12,325.7020655659783,1000000.0,False
04,y_d_oat,M0,2026-01,203.09176209047348,1000000.0,False
04,y_d_oat,M0,2026-02,203.09176209047348,1000000.0,False
04,y_d_oat,M0,2026-03,325.7020655659783,1000000.0,False
04,y_d_oat,M0,2026-04,325.7020655659783,1000000.0,False
04,y_d_oat,M0,2026-05,325.7020655659783,1000000.0,False
04,y_d_oat,M0,2026-06,325.7020655659783,1000000.0,False
04,y_d_oat,M0,2026-07,325.7020655659783,1000000.0,False
04,y_d_oat,M1,2020-01,49.238826317067364,1000000.0,False
04,y_d_oat,M1,2020-02,49.238826317067364,1000000.0,False
04,y_d_oat,M1,2020-03,78.96522868499724,1000000.0,False
04,y_d_oat,M1,2020-04,78.96522868499724,1000000.0,False
04,y_d_oat,M1,2020-05,49.238826317067364,1000000.0,False
04,y_d_oat,M1,2020-06,49.238826317067364,1000000.0,False
04,y_d_oat,M1,2020-07,78.96522868499724,1000000.0,False
04,y_d_oat,M1,2020-08,78.96522868499724,1000000.0,False
04,y_d_oat,M1,2020-09,78.96522868499724,1000000.0,False
04,y_d_oat,M1,2020-10,78.96522868499724,1000000.0,False
04,y_d_oat,M1,2020-11,78.96522868499724,1000000.0,False
04,y_d_oat,M1,2020-12,78.96522868499724,1000000.0,False
04,y_d_oat,M1,2021-01,78.96522868499724,1000000.0,False
04,y_d_oat,M1,2021-02,78.96522868499724,1000000.0,False
04,y_d_oat,M1,2021-03,78.96522868499724,1000000.0,False
04,y_d_oat,M1,2021-04,78.96522868499724,1000000.0,False
04,y_d_oat,M1,2021-05,78.96522868499724,1000000.0,False
04,y_d_oat,M1,2021-06,78.96522868499724,1000000.0,False
04,y_d_oat,M1,2021-07,78.96522868499724,1000000.0,False
04,y_d_oat,M1,2021-08,78.96522868499724,1000000.0,False
04,y_d_oat,M1,2021-09,78.96522868499724,1000000.0,False
04,y_d_oat,M1,2021-10,78.96522868499724,1000000.0,False
04,y_d_oat,M1,2021-11,78.96522868499724,1000000.0,False
04,y_d_oat,M1,2021-12,78.96522868499724,1000000.0,False
04,y_d_oat,M1,2022-01,78.96522868499724,1000000.0,False
04,y_d_oat,M1,2022-02,78.96522868499724,1000000.0,False
04,y_d_oat,M1,2022-03,78.96522868499724,1000000.0,False
04,y_d_oat,M1,2022-04,126.63801734674021,1000000.0,False
04,y_d_oat,M1,2022-05,78.96522868499724,1000000.0,False
04,y_d_oat,M1,2022-06,49.238826317067364,1000000.0,False
04,y_d_oat,M1,2022-07,203.09176209047348,1000000.0,False
04,y_d_oat,M1,2022-08,203.09176209047348,1000000.0,False
04,y_d_oat,M1,2022-09,325.7020655659783,1000000.0,False
04,y_d_oat,M1,2022-10,126.63801734674021,1000000.0,False
04,y_d_oat,M1,2022-11,325.7020655659783,1000000.0,False
04,y_d_oat,M1,2022-12,203.09176209047348,1000000.0,False
04,y_d_oat,M1,2023-01,203.09176209047348,1000000.0,False
04,y_d_oat,M1,2023-02,203.09176209047348,1000000.0,False
04,y_d_oat,M1,2023-03,203.09176209047348,1000000.0,False
04,y_d_oat,M1,2023-04,203.09176209047348,1000000.0,False
04,y_d_oat,M1,2023-05,203.09176209047348,1000000.0,False
04,y_d_oat,M1,2023-06,203.09176209047348,1000000.0,False
04,y_d_oat,M1,2023-07,325.7020655659783,1000000.0,False
04,y_d_oat,M1,2023-08,325.7020655659783,1000000.0,False
04,y_d_oat,M1,2023-09,325.7020655659783,1000000.0,False
04,y_d_oat,M1,2023-10,325.7020655659783,1000000.0,False
04,y_d_oat,M1,2023-11,325.7020655659783,1000000.0,False
04,y_d_oat,M1,2023-12,78.96522868499724,1000000.0,False
04,y_d_oat,M1,2024-01,203.09176209047348,1000000.0,False
04,y_d_oat,M1,2024-02,203.09176209047348,1000000.0,False
04,y_d_oat,M1,2024-03,203.09176209047348,1000000.0,False
04,y_d_oat,M1,2024-04,203.09176209047348,1000000.0,False
04,y_d_oat,M1,2024-05,203.09176209047348,1000000.0,False
04,y_d_oat,M1,2024-06,325.7020655659783,1000000.0,False
04,y_d_oat,M1,2024-07,203.09176209047348,1000000.0,False
04,y_d_oat,M1,2024-08,203.09176209047348,1000000.0,False
04,y_d_oat,M1,2024-09,203.09176209047348,1000000.0,False
04,y_d_oat,M1,2024-10,203.09176209047348,1000000.0,False
04,y_d_oat,M1,2024-11,203.09176209047348,1000000.0,False
04,y_d_oat,M1,2024-12,203.09176209047348,1000000.0,False
04,y_d_oat,M1,2025-01,325.7020655659783,1000000.0,False
04,y_d_oat,M1,2025-02,325.7020655659783,1000000.0,False
04,y_d_oat,M1,2025-03,522.3345074266844,1000000.0,False
04,y_d_oat,M1,2025-04,522.3345074266844,1000000.0,False
04,y_d_oat,M1,2025-05,522.3345074266844,1000000.0,False
04,y_d_oat,M1,2025-06,522.3345074266844,1000000.0,False
04,y_d_oat,M1,2025-07,522.3345074266844,1000000.0,False
04,y_d_oat,M1,2025-08,522.3345074266844,1000000.0,False
04,y_d_oat,M1,2025-09,837.6776400682924,1000000.0,False
04,y_d_oat,M1,2025-10,837.6776400682924,1000000.0,False
04,y_d_oat,M1,2025-11,837.6776400682924,1000000.0,False
04,y_d_oat,M1,2025-12,837.6776400682924,1000000.0,False
04,y_d_oat,M1,2026-01,837.6776400682924,1000000.0,False
04,y_d_oat,M1,2026-02,522.3345074266844,1000000.0,False
04,y_d_oat,M1,2026-03,837.6776400682924,1000000.0,False
04,y_d_oat,M1,2026-04,837.6776400682924,1000000.0,False
04,y_d_oat,M1,2026-05,837.6776400682924,1000000.0,False
04,y_d_oat,M1,2026-06,837.6776400682924,1000000.0,False
04,y_d_oat,M1,2026-07,837.6776400682924,1000000.0,False
04,y_d_oat,M2,2020-01,78.96522868499724,1000000.0,False
04,y_d_oat,M2,2020-02,78.96522868499724,1000000.0,False
04,y_d_oat,M2,2020-03,78.96522868499724,1000000.0,False
04,y_d_oat,M2,2020-04,78.96522868499724,1000000.0,False
04,y_d_oat,M2,2020-05,49.238826317067364,1000000.0,False
04,y_d_oat,M2,2020-06,49.238826317067364,1000000.0,False
04,y_d_oat,M2,2020-07,78.96522868499724,1000000.0,False
04,y_d_oat,M2,2020-08,78.96522868499724,1000000.0,False
04,y_d_oat,M2,2020-09,78.96522868499724,1000000.0,False
04,y_d_oat,M2,2020-10,78.96522868499724,1000000.0,False
04,y_d_oat,M2,2020-11,78.96522868499724,1000000.0,False
04,y_d_oat,M2,2020-12,78.96522868499724,1000000.0,False
04,y_d_oat,M2,2021-01,78.96522868499724,1000000.0,False
04,y_d_oat,M2,2021-02,78.96522868499724,1000000.0,False
04,y_d_oat,M2,2021-03,78.96522868499724,1000000.0,False
04,y_d_oat,M2,2021-04,78.96522868499724,1000000.0,False
04,y_d_oat,M2,2021-05,49.238826317067364,1000000.0,False
04,y_d_oat,M2,2021-06,78.96522868499724,1000000.0,False
04,y_d_oat,M2,2021-07,78.96522868499724,1000000.0,False
04,y_d_oat,M2,2021-08,78.96522868499724,1000000.0,False
04,y_d_oat,M2,2021-09,78.96522868499724,1000000.0,False
04,y_d_oat,M2,2021-10,78.96522868499724,1000000.0,False
04,y_d_oat,M2,2021-11,78.96522868499724,1000000.0,False
04,y_d_oat,M2,2021-12,78.96522868499724,1000000.0,False
04,y_d_oat,M2,2022-01,78.96522868499724,1000000.0,False
04,y_d_oat,M2,2022-02,78.96522868499724,1000000.0,False
04,y_d_oat,M2,2022-03,78.96522868499724,1000000.0,False
04,y_d_oat,M2,2022-04,126.63801734674021,1000000.0,False
04,y_d_oat,M2,2022-05,78.96522868499724,1000000.0,False
04,y_d_oat,M2,2022-06,49.238826317067364,1000000.0,False
04,y_d_oat,M2,2022-07,203.09176209047348,1000000.0,False
04,y_d_oat,M2,2022-08,203.09176209047348,1000000.0,False
04,y_d_oat,M2,2022-09,325.7020655659783,1000000.0,False
04,y_d_oat,M2,2022-10,126.63801734674021,1000000.0,False
04,y_d_oat,M2,2022-11,203.09176209047348,1000000.0,False
04,y_d_oat,M2,2022-12,126.63801734674021,1000000.0,False
04,y_d_oat,M2,2023-01,203.09176209047348,1000000.0,False
04,y_d_oat,M2,2023-02,126.63801734674021,1000000.0,False
04,y_d_oat,M2,2023-03,203.09176209047348,1000000.0,False
04,y_d_oat,M2,2023-04,203.09176209047348,1000000.0,False
04,y_d_oat,M2,2023-05,203.09176209047348,1000000.0,False
04,y_d_oat,M2,2023-06,203.09176209047348,1000000.0,False
04,y_d_oat,M2,2023-07,203.09176209047348,1000000.0,False
04,y_d_oat,M2,2023-08,203.09176209047348,1000000.0,False
04,y_d_oat,M2,2023-09,325.7020655659783,1000000.0,False
04,y_d_oat,M2,2023-10,325.7020655659783,1000000.0,False
04,y_d_oat,M2,2023-11,325.7020655659783,1000000.0,False
04,y_d_oat,M2,2023-12,126.63801734674021,1000000.0,False
04,y_d_oat,M2,2024-01,203.09176209047348,1000000.0,False
04,y_d_oat,M2,2024-02,203.09176209047348,1000000.0,False
04,y_d_oat,M2,2024-03,203.09176209047348,1000000.0,False
04,y_d_oat,M2,2024-04,203.09176209047348,1000000.0,False
04,y_d_oat,M2,2024-05,203.09176209047348,1000000.0,False
04,y_d_oat,M2,2024-06,203.09176209047348,1000000.0,False
04,y_d_oat,M2,2024-07,203.09176209047348,1000000.0,False
04,y_d_oat,M2,2024-08,126.63801734674021,1000000.0,False
04,y_d_oat,M2,2024-09,126.63801734674021,1000000.0,False
04,y_d_oat,M2,2024-10,126.63801734674021,1000000.0,False
04,y_d_oat,M2,2024-11,126.63801734674021,1000000.0,False
04,y_d_oat,M2,2024-12,126.63801734674021,1000000.0,False
04,y_d_oat,M2,2025-01,203.09176209047348,1000000.0,False
04,y_d_oat,M2,2025-02,325.7020655659783,1000000.0,False
04,y_d_oat,M2,2025-03,522.3345074266844,1000000.0,False
04,y_d_oat,M2,2025-04,522.3345074266844,1000000.0,False
04,y_d_oat,M2,2025-05,522.3345074266844,1000000.0,False
04,y_d_oat,M2,2025-06,522.3345074266844,1000000.0,False
04,y_d_oat,M2,2025-07,522.3345074266844,1000000.0,False
04,y_d_oat,M2,2025-08,522.3345074266844,1000000.0,False
04,y_d_oat,M2,2025-09,522.3345074266844,1000000.0,False
04,y_d_oat,M2,2025-10,522.3345074266844,1000000.0,False
04,y_d_oat,M2,2025-11,522.3345074266844,1000000.0,False
04,y_d_oat,M2,2025-12,522.3345074266844,1000000.0,False
04,y_d_oat,M2,2026-01,522.3345074266844,1000000.0,False
04,y_d_oat,M2,2026-02,522.3345074266844,1000000.0,False
04,y_d_oat,M2,2026-03,522.3345074266844,1000000.0,False
04,y_d_oat,M2,2026-04,522.3345074266844,1000000.0,False
04,y_d_oat,M2,2026-05,522.3345074266844,1000000.0,False
04,y_d_oat,M2,2026-06,522.3345074266844,1000000.0,False
04,y_d_oat,M2,2026-07,522.3345074266844,1000000.0,False
04,y_cac_ret,M0,2020-01,1000000.0,1000000.0,True
04,y_cac_ret,M0,2020-02,1000000.0,1000000.0,True
04,y_cac_ret,M0,2020-03,1000000.0,1000000.0,True
04,y_cac_ret,M0,2020-04,1000000.0,1000000.0,True
04,y_cac_ret,M0,2020-05,1000000.0,1000000.0,True
04,y_cac_ret,M0,2020-06,1000000.0,1000000.0,True
04,y_cac_ret,M0,2020-07,1000000.0,1000000.0,True
04,y_cac_ret,M0,2020-08,1000000.0,1000000.0,True
04,y_cac_ret,M0,2020-09,1000000.0,1000000.0,True
04,y_cac_ret,M0,2020-10,1000000.0,1000000.0,True
04,y_cac_ret,M0,2020-11,1000000.0,1000000.0,True
04,y_cac_ret,M0,2020-12,1000000.0,1000000.0,True
04,y_cac_ret,M0,2021-01,522.3345074266844,1000000.0,False
04,y_cac_ret,M0,2021-02,203.09176209047348,1000000.0,False
04,y_cac_ret,M0,2021-03,203.09176209047348,1000000.0,False
04,y_cac_ret,M0,2021-04,203.09176209047348,1000000.0,False
04,y_cac_ret,M0,2021-05,325.7020655659783,1000000.0,False
04,y_cac_ret,M0,2021-06,325.7020655659783,1000000.0,False
04,y_cac_ret,M0,2021-07,325.7020655659783,1000000.0,False
04,y_cac_ret,M0,2021-08,325.7020655659783,1000000.0,False
04,y_cac_ret,M0,2021-09,325.7020655659783,1000000.0,False
04,y_cac_ret,M0,2021-10,522.3345074266844,1000000.0,False
04,y_cac_ret,M0,2021-11,325.7020655659783,1000000.0,False
04,y_cac_ret,M0,2021-12,1343.3993325988988,1000000.0,False
04,y_cac_ret,M0,2022-01,1343.3993325988988,1000000.0,False
04,y_cac_ret,M0,2022-02,325.7020655659783,1000000.0,False
04,y_cac_ret,M0,2022-03,325.7020655659783,1000000.0,False
04,y_cac_ret,M0,2022-04,325.7020655659783,1000000.0,False
04,y_cac_ret,M0,2022-05,203.09176209047348,1000000.0,False
04,y_cac_ret,M0,2022-06,126.63801734674021,1000000.0,False
04,y_cac_ret,M0,2022-07,1000000.0,1000000.0,True
04,y_cac_ret,M0,2022-08,1000000.0,1000000.0,True
04,y_cac_ret,M0,2022-09,1000000.0,1000000.0,True
04,y_cac_ret,M0,2022-10,1000000.0,1000000.0,True
04,y_cac_ret,M0,2022-11,1000000.0,1000000.0,True
04,y_cac_ret,M0,2022-12,1000000.0,1000000.0,True
04,y_cac_ret,M0,2023-01,1000000.0,1000000.0,True
04,y_cac_ret,M0,2023-02,3455.1072945922183,1000000.0,False
04,y_cac_ret,M0,2023-03,2154.4346900318824,1000000.0,False
04,y_cac_ret,M0,2023-04,837.6776400682924,1000000.0,False
04,y_cac_ret,M0,2023-05,1000000.0,1000000.0,True
04,y_cac_ret,M0,2023-06,1343.3993325988988,1000000.0,False
04,y_cac_ret,M0,2023-07,1343.3993325988988,1000000.0,False
04,y_cac_ret,M0,2023-08,2154.4346900318824,1000000.0,False
04,y_cac_ret,M0,2023-09,3455.1072945922183,1000000.0,False
04,y_cac_ret,M0,2023-10,22854.638641349884,1000000.0,False
04,y_cac_ret,M0,2023-11,1343.3993325988988,1000000.0,False
04,y_cac_ret,M0,2023-12,2154.4346900318824,1000000.0,False
04,y_cac_ret,M0,2024-01,3455.1072945922183,1000000.0,False
04,y_cac_ret,M0,2024-02,1343.3993325988988,1000000.0,False
04,y_cac_ret,M0,2024-03,1343.3993325988988,1000000.0,False
04,y_cac_ret,M0,2024-04,1343.3993325988988,1000000.0,False
04,y_cac_ret,M0,2024-05,2154.4346900318824,1000000.0,False
04,y_cac_ret,M0,2024-06,2154.4346900318824,1000000.0,False
04,y_cac_ret,M0,2024-07,2154.4346900318824,1000000.0,False
04,y_cac_ret,M0,2024-08,2154.4346900318824,1000000.0,False
04,y_cac_ret,M0,2024-09,2154.4346900318824,1000000.0,False
04,y_cac_ret,M0,2024-10,3455.1072945922183,1000000.0,False
04,y_cac_ret,M0,2024-11,5541.020330009492,1000000.0,False
04,y_cac_ret,M0,2024-12,3455.1072945922183,1000000.0,False
04,y_cac_ret,M0,2025-01,2154.4346900318824,1000000.0,False
04,y_cac_ret,M0,2025-02,2154.4346900318824,1000000.0,False
04,y_cac_ret,M0,2025-03,837.6776400682924,1000000.0,False
04,y_cac_ret,M0,2025-04,2154.4346900318824,1000000.0,False
04,y_cac_ret,M0,2025-05,1343.3993325988988,1000000.0,False
04,y_cac_ret,M0,2025-06,1343.3993325988988,1000000.0,False
04,y_cac_ret,M0,2025-07,1343.3993325988988,1000000.0,False
04,y_cac_ret,M0,2025-08,1343.3993325988988,1000000.0,False
04,y_cac_ret,M0,2025-09,1343.3993325988988,1000000.0,False
04,y_cac_ret,M0,2025-10,837.6776400682924,1000000.0,False
04,y_cac_ret,M0,2025-11,837.6776400682924,1000000.0,False
04,y_cac_ret,M0,2025-12,837.6776400682924,1000000.0,False
04,y_cac_ret,M0,2026-01,837.6776400682924,1000000.0,False
04,y_cac_ret,M0,2026-02,837.6776400682924,1000000.0,False
04,y_cac_ret,M0,2026-03,837.6776400682924,1000000.0,False
04,y_cac_ret,M0,2026-04,837.6776400682924,1000000.0,False
04,y_cac_ret,M0,2026-05,837.6776400682924,1000000.0,False
04,y_cac_ret,M0,2026-06,837.6776400682924,1000000.0,False
04,y_cac_ret,M0,2026-07,837.6776400682924,1000000.0,False
04,y_cac_ret,M1,2020-01,1000000.0,1000000.0,True
04,y_cac_ret,M1,2020-02,1000000.0,1000000.0,True
04,y_cac_ret,M1,2020-03,1000000.0,1000000.0,True
04,y_cac_ret,M1,2020-04,1000000.0,1000000.0,True
04,y_cac_ret,M1,2020-05,1000000.0,1000000.0,True
04,y_cac_ret,M1,2020-06,1000000.0,1000000.0,True
04,y_cac_ret,M1,2020-07,1000000.0,1000000.0,True
04,y_cac_ret,M1,2020-08,1000000.0,1000000.0,True
04,y_cac_ret,M1,2020-09,1000000.0,1000000.0,True
04,y_cac_ret,M1,2020-10,1000000.0,1000000.0,True
04,y_cac_ret,M1,2020-11,1000000.0,1000000.0,True
04,y_cac_ret,M1,2020-12,1000000.0,1000000.0,True
04,y_cac_ret,M1,2021-01,1000000.0,1000000.0,True
04,y_cac_ret,M1,2021-02,1000000.0,1000000.0,True
04,y_cac_ret,M1,2021-03,325.7020655659783,1000000.0,False
04,y_cac_ret,M1,2021-04,325.7020655659783,1000000.0,False
04,y_cac_ret,M1,2021-05,522.3345074266844,1000000.0,False
04,y_cac_ret,M1,2021-06,522.3345074266844,1000000.0,False
04,y_cac_ret,M1,2021-07,522.3345074266844,1000000.0,False
04,y_cac_ret,M1,2021-08,522.3345074266844,1000000.0,False
04,y_cac_ret,M1,2021-09,522.3345074266844,1000000.0,False
04,y_cac_ret,M1,2021-10,522.3345074266844,1000000.0,False
04,y_cac_ret,M1,2021-11,522.3345074266844,1000000.0,False
04,y_cac_ret,M1,2021-12,522.3345074266844,1000000.0,False
04,y_cac_ret,M1,2022-01,837.6776400682924,1000000.0,False
04,y_cac_ret,M1,2022-02,522.3345074266844,1000000.0,False
04,y_cac_ret,M1,2022-03,837.6776400682924,1000000.0,False
04,y_cac_ret,M1,2022-04,522.3345074266844,1000000.0,False
04,y_cac_ret,M1,2022-05,522.3345074266844,1000000.0,False
04,y_cac_ret,M1,2022-06,325.7020655659783,1000000.0,False
04,y_cac_ret,M1,2022-07,1000000.0,1000000.0,True
04,y_cac_ret,M1,2022-08,1000000.0,1000000.0,True
04,y_cac_ret,M1,2022-09,325.7020655659783,1000000.0,False
04,y_cac_ret,M1,2022-10,1000000.0,1000000.0,True
04,y_cac_ret,M1,2022-11,1000000.0,1000000.0,True
04,y_cac_ret,M1,2022-12,1000000.0,1000000.0,True
04,y_cac_ret,M1,2023-01,1000000.0,1000000.0,True
04,y_cac_ret,M1,2023-02,1000000.0,1000000.0,True
04,y_cac_ret,M1,2023-03,1000000.0,1000000.0,True
04,y_cac_ret,M1,2023-04,2154.4346900318824,1000000.0,False
04,y_cac_ret,M1,2023-05,1000000.0,1000000.0,True
04,y_cac_ret,M1,2023-06,3455.1072945922183,1000000.0,False
04,y_cac_ret,M1,2023-07,2154.4346900318824,1000000.0,False
04,y_cac_ret,M1,2023-08,1000000.0,1000000.0,True
04,y_cac_ret,M1,2023-09,1000000.0,1000000.0,True
04,y_cac_ret,M1,2023-10,1000000.0,1000000.0,True
04,y_cac_ret,M1,2023-11,1000000.0,1000000.0,True
04,y_cac_ret,M1,2023-12,388815.51803080854,1000000.0,False
04,y_cac_ret,M1,2024-01,1000000.0,1000000.0,True
04,y_cac_ret,M1,2024-02,36652.41237079626,1000000.0,False
04,y_cac_ret,M1,2024-03,151177.507061566,1000000.0,False
04,y_cac_ret,M1,2024-04,22854.638641349884,1000000.0,False
04,y_cac_ret,M1,2024-05,36652.41237079626,1000000.0,False
04,y_cac_ret,M1,2024-06,5541.020330009492,1000000.0,False
04,y_cac_ret,M1,2024-07,3455.1072945922183,1000000.0,False
04,y_cac_ret,M1,2024-08,3455.1072945922183,1000000.0,False
04,y_cac_ret,M1,2024-09,3455.1072945922183,1000000.0,False
04,y_cac_ret,M1,2024-10,2154.4346900318824,1000000.0,False
04,y_cac_ret,M1,2024-11,2154.4346900318824,1000000.0,False
04,y_cac_ret,M1,2024-12,2154.4346900318824,1000000.0,False
04,y_cac_ret,M1,2025-01,36652.41237079626,1000000.0,False
04,y_cac_ret,M1,2025-02,22854.638641349884,1000000.0,False
04,y_cac_ret,M1,2025-03,2154.4346900318824,1000000.0,False
04,y_cac_ret,M1,2025-04,3455.1072945922183,1000000.0,False
04,y_cac_ret,M1,2025-05,2154.4346900318824,1000000.0,False
04,y_cac_ret,M1,2025-06,2154.4346900318824,1000000.0,False
04,y_cac_ret,M1,2025-07,2154.4346900318824,1000000.0,False
04,y_cac_ret,M1,2025-08,1343.3993325988988,1000000.0,False
04,y_cac_ret,M1,2025-09,2154.4346900318824,1000000.0,False
04,y_cac_ret,M1,2025-10,2154.4346900318824,1000000.0,False
04,y_cac_ret,M1,2025-11,2154.4346900318824,1000000.0,False
04,y_cac_ret,M1,2025-12,2154.4346900318824,1000000.0,False
04,y_cac_ret,M1,2026-01,1343.3993325988988,1000000.0,False
04,y_cac_ret,M1,2026-02,1343.3993325988988,1000000.0,False
04,y_cac_ret,M1,2026-03,1343.3993325988988,1000000.0,False
04,y_cac_ret,M1,2026-04,837.6776400682924,1000000.0,False
04,y_cac_ret,M1,2026-05,837.6776400682924,1000000.0,False
04,y_cac_ret,M1,2026-06,837.6776400682924,1000000.0,False
04,y_cac_ret,M1,2026-07,837.6776400682924,1000000.0,False
04,y_cac_ret,M2,2020-01,1000000.0,1000000.0,True
04,y_cac_ret,M2,2020-02,1000000.0,1000000.0,True
04,y_cac_ret,M2,2020-03,1000000.0,1000000.0,True
04,y_cac_ret,M2,2020-04,1000000.0,1000000.0,True
04,y_cac_ret,M2,2020-05,1000000.0,1000000.0,True
04,y_cac_ret,M2,2020-06,1000000.0,1000000.0,True
04,y_cac_ret,M2,2020-07,1000000.0,1000000.0,True
04,y_cac_ret,M2,2020-08,1000000.0,1000000.0,True
04,y_cac_ret,M2,2020-09,1000000.0,1000000.0,True
04,y_cac_ret,M2,2020-10,1000000.0,1000000.0,True
04,y_cac_ret,M2,2020-11,1000000.0,1000000.0,True
04,y_cac_ret,M2,2020-12,1000000.0,1000000.0,True
04,y_cac_ret,M2,2021-01,1000000.0,1000000.0,True
04,y_cac_ret,M2,2021-02,1000000.0,1000000.0,True
04,y_cac_ret,M2,2021-03,522.3345074266844,1000000.0,False
04,y_cac_ret,M2,2021-04,3455.1072945922183,1000000.0,False
04,y_cac_ret,M2,2021-05,1000000.0,1000000.0,True
04,y_cac_ret,M2,2021-06,1000000.0,1000000.0,True
04,y_cac_ret,M2,2021-07,1000000.0,1000000.0,True
04,y_cac_ret,M2,2021-08,1000000.0,1000000.0,True
04,y_cac_ret,M2,2021-09,1000000.0,1000000.0,True
04,y_cac_ret,M2,2021-10,1000000.0,1000000.0,True
04,y_cac_ret,M2,2021-11,1000000.0,1000000.0,True
04,y_cac_ret,M2,2021-12,1000000.0,1000000.0,True
04,y_cac_ret,M2,2022-01,1000000.0,1000000.0,True
04,y_cac_ret,M2,2022-02,1000000.0,1000000.0,True
04,y_cac_ret,M2,2022-03,1000000.0,1000000.0,True
04,y_cac_ret,M2,2022-04,1000000.0,1000000.0,True
04,y_cac_ret,M2,2022-05,1000000.0,1000000.0,True
04,y_cac_ret,M2,2022-06,1343.3993325988988,1000000.0,False
04,y_cac_ret,M2,2022-07,1000000.0,1000000.0,True
04,y_cac_ret,M2,2022-08,1000000.0,1000000.0,True
04,y_cac_ret,M2,2022-09,837.6776400682924,1000000.0,False
04,y_cac_ret,M2,2022-10,1000000.0,1000000.0,True
04,y_cac_ret,M2,2022-11,1000000.0,1000000.0,True
04,y_cac_ret,M2,2022-12,1000000.0,1000000.0,True
04,y_cac_ret,M2,2023-01,1000000.0,1000000.0,True
04,y_cac_ret,M2,2023-02,1000000.0,1000000.0,True
04,y_cac_ret,M2,2023-03,1000000.0,1000000.0,True
04,y_cac_ret,M2,2023-04,1000000.0,1000000.0,True
04,y_cac_ret,M2,2023-05,1000000.0,1000000.0,True
04,y_cac_ret,M2,2023-06,1000000.0,1000000.0,True
04,y_cac_ret,M2,2023-07,1000000.0,1000000.0,True
04,y_cac_ret,M2,2023-08,1000000.0,1000000.0,True
04,y_cac_ret,M2,2023-09,1000000.0,1000000.0,True
04,y_cac_ret,M2,2023-10,1000000.0,1000000.0,True
04,y_cac_ret,M2,2023-11,1000000.0,1000000.0,True
04,y_cac_ret,M2,2023-12,1000000.0,1000000.0,True
04,y_cac_ret,M2,2024-01,1000000.0,1000000.0,True
04,y_cac_ret,M2,2024-02,1000000.0,1000000.0,True
04,y_cac_ret,M2,2024-03,1000000.0,1000000.0,True
04,y_cac_ret,M2,2024-04,1000000.0,1000000.0,True
04,y_cac_ret,M2,2024-05,1000000.0,1000000.0,True
04,y_cac_ret,M2,2024-06,1000000.0,1000000.0,True
04,y_cac_ret,M2,2024-07,1000000.0,1000000.0,True
04,y_cac_ret,M2,2024-08,1000000.0,1000000.0,True
04,y_cac_ret,M2,2024-09,1000000.0,1000000.0,True
04,y_cac_ret,M2,2024-10,1000000.0,1000000.0,True
04,y_cac_ret,M2,2024-11,1000000.0,1000000.0,True
04,y_cac_ret,M2,2024-12,1000000.0,1000000.0,True
04,y_cac_ret,M2,2025-01,1000000.0,1000000.0,True
04,y_cac_ret,M2,2025-02,1000000.0,1000000.0,True
04,y_cac_ret,M2,2025-03,1000000.0,1000000.0,True
04,y_cac_ret,M2,2025-04,1000000.0,1000000.0,True
04,y_cac_ret,M2,2025-05,1000000.0,1000000.0,True
04,y_cac_ret,M2,2025-06,1000000.0,1000000.0,True
04,y_cac_ret,M2,2025-07,1000000.0,1000000.0,True
04,y_cac_ret,M2,2025-08,1000000.0,1000000.0,True
04,y_cac_ret,M2,2025-09,1000000.0,1000000.0,True
04,y_cac_ret,M2,2025-10,1000000.0,1000000.0,True
04,y_cac_ret,M2,2025-11,1000000.0,1000000.0,True
04,y_cac_ret,M2,2025-12,1000000.0,1000000.0,True
04,y_cac_ret,M2,2026-01,1000000.0,1000000.0,True
04,y_cac_ret,M2,2026-02,1000000.0,1000000.0,True
04,y_cac_ret,M2,2026-03,1000000.0,1000000.0,True
04,y_cac_ret,M2,2026-04,3455.1072945922183,1000000.0,False
04,y_cac_ret,M2,2026-05,3455.1072945922183,1000000.0,False
04,y_cac_ret,M2,2026-06,3455.1072945922183,1000000.0,False
04,y_cac_ret,M2,2026-07,3455.1072945922183,1000000.0,False
06,y_d_spread,M0,2020-01,49.238826317067364,1000000.0,False
06,y_d_spread,M0,2020-02,49.238826317067364,1000000.0,False
06,y_d_spread,M0,2020-03,78.96522868499724,1000000.0,False
06,y_d_spread,M0,2020-04,49.238826317067364,1000000.0,False
06,y_d_spread,M0,2020-05,49.238826317067364,1000000.0,False
06,y_d_spread,M0,2020-06,49.238826317067364,1000000.0,False
06,y_d_spread,M0,2020-07,49.238826317067364,1000000.0,False
06,y_d_spread,M0,2020-08,49.238826317067364,1000000.0,False
06,y_d_spread,M0,2020-09,49.238826317067364,1000000.0,False
06,y_d_spread,M0,2020-10,49.238826317067364,1000000.0,False
06,y_d_spread,M0,2020-11,49.238826317067364,1000000.0,False
06,y_d_spread,M0,2020-12,30.702906297578497,1000000.0,False
06,y_d_spread,M0,2021-01,30.702906297578497,1000000.0,False
06,y_d_spread,M0,2021-02,30.702906297578497,1000000.0,False
06,y_d_spread,M0,2021-03,30.702906297578497,1000000.0,False
06,y_d_spread,M0,2021-04,30.702906297578497,1000000.0,False
06,y_d_spread,M0,2021-05,30.702906297578497,1000000.0,False
06,y_d_spread,M0,2021-06,30.702906297578497,1000000.0,False
06,y_d_spread,M0,2021-07,30.702906297578497,1000000.0,False
06,y_d_spread,M0,2021-08,30.702906297578497,1000000.0,False
06,y_d_spread,M0,2021-09,30.702906297578497,1000000.0,False
06,y_d_spread,M0,2021-10,30.702906297578497,1000000.0,False
06,y_d_spread,M0,2021-11,30.702906297578497,1000000.0,False
06,y_d_spread,M0,2021-12,30.702906297578497,1000000.0,False
06,y_d_spread,M0,2022-01,30.702906297578497,1000000.0,False
06,y_d_spread,M0,2022-02,30.702906297578497,1000000.0,False
06,y_d_spread,M0,2022-03,30.702906297578497,1000000.0,False
06,y_d_spread,M0,2022-04,30.702906297578497,1000000.0,False
06,y_d_spread,M0,2022-05,19.144819761699576,1000000.0,False
06,y_d_spread,M0,2022-06,19.144819761699576,1000000.0,False
06,y_d_spread,M0,2022-07,19.144819761699576,1000000.0,False
06,y_d_spread,M0,2022-08,19.144819761699576,1000000.0,False
06,y_d_spread,M0,2022-09,19.144819761699576,1000000.0,False
06,y_d_spread,M0,2022-10,30.702906297578497,1000000.0,False
06,y_d_spread,M0,2022-11,19.144819761699576,1000000.0,False
06,y_d_spread,M0,2022-12,19.144819761699576,1000000.0,False
06,y_d_spread,M0,2023-01,19.144819761699576,1000000.0,False
06,y_d_spread,M0,2023-02,11.937766417144358,1000000.0,False
06,y_d_spread,M0,2023-03,11.937766417144358,1000000.0,False
06,y_d_spread,M0,2023-04,11.937766417144358,1000000.0,False
06,y_d_spread,M0,2023-05,11.937766417144358,1000000.0,False
06,y_d_spread,M0,2023-06,11.937766417144358,1000000.0,False
06,y_d_spread,M0,2023-07,11.937766417144358,1000000.0,False
06,y_d_spread,M0,2023-08,11.937766417144358,1000000.0,False
06,y_d_spread,M0,2023-09,11.937766417144358,1000000.0,False
06,y_d_spread,M0,2023-10,11.937766417144358,1000000.0,False
06,y_d_spread,M0,2023-11,11.937766417144358,1000000.0,False
06,y_d_spread,M0,2023-12,11.937766417144358,1000000.0,False
06,y_d_spread,M0,2024-01,11.937766417144358,1000000.0,False
06,y_d_spread,M0,2024-02,11.937766417144358,1000000.0,False
06,y_d_spread,M0,2024-03,11.937766417144358,1000000.0,False
06,y_d_spread,M0,2024-04,11.937766417144358,1000000.0,False
06,y_d_spread,M0,2024-05,11.937766417144358,1000000.0,False
06,y_d_spread,M0,2024-06,19.144819761699576,1000000.0,False
06,y_d_spread,M0,2024-07,19.144819761699576,1000000.0,False
06,y_d_spread,M0,2024-08,11.937766417144358,1000000.0,False
06,y_d_spread,M0,2024-09,11.937766417144358,1000000.0,False
06,y_d_spread,M0,2024-10,19.144819761699576,1000000.0,False
06,y_d_spread,M0,2024-11,19.144819761699576,1000000.0,False
06,y_d_spread,M0,2024-12,19.144819761699576,1000000.0,False
06,y_d_spread,M0,2025-01,30.702906297578497,1000000.0,False
06,y_d_spread,M0,2025-02,19.144819761699576,1000000.0,False
06,y_d_spread,M0,2025-03,19.144819761699576,1000000.0,False
06,y_d_spread,M0,2025-04,30.702906297578497,1000000.0,False
06,y_d_spread,M0,2025-05,19.144819761699576,1000000.0,False
06,y_d_spread,M0,2025-06,30.702906297578497,1000000.0,False
06,y_d_spread,M0,2025-07,30.702906297578497,1000000.0,False
06,y_d_spread,M0,2025-08,30.702906297578497,1000000.0,False
06,y_d_spread,M0,2025-09,49.238826317067364,1000000.0,False
06,y_d_spread,M0,2025-10,49.238826317067364,1000000.0,False
06,y_d_spread,M0,2025-11,30.702906297578497,1000000.0,False
06,y_d_spread,M0,2025-12,30.702906297578497,1000000.0,False
06,y_d_spread,M0,2026-01,30.702906297578497,1000000.0,False
06,y_d_spread,M0,2026-02,30.702906297578497,1000000.0,False
06,y_d_spread,M0,2026-03,49.238826317067364,1000000.0,False
06,y_d_spread,M0,2026-04,30.702906297578497,1000000.0,False
06,y_d_spread,M0,2026-05,30.702906297578497,1000000.0,False
06,y_d_spread,M0,2026-06,30.702906297578497,1000000.0,False
06,y_d_spread,M0,2026-07,49.238826317067364,1000000.0,False
06,y_d_spread,M1,2020-01,78.96522868499724,1000000.0,False
06,y_d_spread,M1,2020-02,78.96522868499724,1000000.0,False
06,y_d_spread,M1,2020-03,203.09176209047348,1000000.0,False
06,y_d_spread,M1,2020-04,126.63801734674021,1000000.0,False
06,y_d_spread,M1,2020-05,126.63801734674021,1000000.0,False
06,y_d_spread,M1,2020-06,126.63801734674021,1000000.0,False
06,y_d_spread,M1,2020-07,78.96522868499724,1000000.0,False
06,y_d_spread,M1,2020-08,78.96522868499724,1000000.0,False
06,y_d_spread,M1,2020-09,126.63801734674021,1000000.0,False
06,y_d_spread,M1,2020-10,126.63801734674021,1000000.0,False
06,y_d_spread,M1,2020-11,78.96522868499724,1000000.0,False
06,y_d_spread,M1,2020-12,78.96522868499724,1000000.0,False
06,y_d_spread,M1,2021-01,78.96522868499724,1000000.0,False
06,y_d_spread,M1,2021-02,78.96522868499724,1000000.0,False
06,y_d_spread,M1,2021-03,78.96522868499724,1000000.0,False
06,y_d_spread,M1,2021-04,78.96522868499724,1000000.0,False
06,y_d_spread,M1,2021-05,78.96522868499724,1000000.0,False
06,y_d_spread,M1,2021-06,78.96522868499724,1000000.0,False
06,y_d_spread,M1,2021-07,78.96522868499724,1000000.0,False
06,y_d_spread,M1,2021-08,78.96522868499724,1000000.0,False
06,y_d_spread,M1,2021-09,78.96522868499724,1000000.0,False
06,y_d_spread,M1,2021-10,78.96522868499724,1000000.0,False
06,y_d_spread,M1,2021-11,78.96522868499724,1000000.0,False
06,y_d_spread,M1,2021-12,78.96522868499724,1000000.0,False
06,y_d_spread,M1,2022-01,78.96522868499724,1000000.0,False
06,y_d_spread,M1,2022-02,49.238826317067364,1000000.0,False
06,y_d_spread,M1,2022-03,49.238826317067364,1000000.0,False
06,y_d_spread,M1,2022-04,49.238826317067364,1000000.0,False
06,y_d_spread,M1,2022-05,49.238826317067364,1000000.0,False
06,y_d_spread,M1,2022-06,49.238826317067364,1000000.0,False
06,y_d_spread,M1,2022-07,49.238826317067364,1000000.0,False
06,y_d_spread,M1,2022-08,49.238826317067364,1000000.0,False
06,y_d_spread,M1,2022-09,49.238826317067364,1000000.0,False
06,y_d_spread,M1,2022-10,49.238826317067364,1000000.0,False
06,y_d_spread,M1,2022-11,30.702906297578497,1000000.0,False
06,y_d_spread,M1,2022-12,30.702906297578497,1000000.0,False
06,y_d_spread,M1,2023-01,30.702906297578497,1000000.0,False
06,y_d_spread,M1,2023-02,19.144819761699576,1000000.0,False
06,y_d_spread,M1,2023-03,19.144819761699576,1000000.0,False
06,y_d_spread,M1,2023-04,19.144819761699576,1000000.0,False
06,y_d_spread,M1,2023-05,19.144819761699576,1000000.0,False
06,y_d_spread,M1,2023-06,19.144819761699576,1000000.0,False
06,y_d_spread,M1,2023-07,30.702906297578497,1000000.0,False
06,y_d_spread,M1,2023-08,19.144819761699576,1000000.0,False
06,y_d_spread,M1,2023-09,19.144819761699576,1000000.0,False
06,y_d_spread,M1,2023-10,30.702906297578497,1000000.0,False
06,y_d_spread,M1,2023-11,19.144819761699576,1000000.0,False
06,y_d_spread,M1,2023-12,19.144819761699576,1000000.0,False
06,y_d_spread,M1,2024-01,30.702906297578497,1000000.0,False
06,y_d_spread,M1,2024-02,19.144819761699576,1000000.0,False
06,y_d_spread,M1,2024-03,19.144819761699576,1000000.0,False
06,y_d_spread,M1,2024-04,19.144819761699576,1000000.0,False
06,y_d_spread,M1,2024-05,19.144819761699576,1000000.0,False
06,y_d_spread,M1,2024-06,30.702906297578497,1000000.0,False
06,y_d_spread,M1,2024-07,30.702906297578497,1000000.0,False
06,y_d_spread,M1,2024-08,30.702906297578497,1000000.0,False
06,y_d_spread,M1,2024-09,30.702906297578497,1000000.0,False
06,y_d_spread,M1,2024-10,49.238826317067364,1000000.0,False
06,y_d_spread,M1,2024-11,49.238826317067364,1000000.0,False
06,y_d_spread,M1,2024-12,49.238826317067364,1000000.0,False
06,y_d_spread,M1,2025-01,49.238826317067364,1000000.0,False
06,y_d_spread,M1,2025-02,30.702906297578497,1000000.0,False
06,y_d_spread,M1,2025-03,30.702906297578497,1000000.0,False
06,y_d_spread,M1,2025-04,203.09176209047348,1000000.0,False
06,y_d_spread,M1,2025-05,126.63801734674021,1000000.0,False
06,y_d_spread,M1,2025-06,203.09176209047348,1000000.0,False
06,y_d_spread,M1,2025-07,325.7020655659783,1000000.0,False
06,y_d_spread,M1,2025-08,325.7020655659783,1000000.0,False
06,y_d_spread,M1,2025-09,522.3345074266844,1000000.0,False
06,y_d_spread,M1,2025-10,522.3345074266844,1000000.0,False
06,y_d_spread,M1,2025-11,522.3345074266844,1000000.0,False
06,y_d_spread,M1,2025-12,325.7020655659783,1000000.0,False
06,y_d_spread,M1,2026-01,325.7020655659783,1000000.0,False
06,y_d_spread,M1,2026-02,203.09176209047348,1000000.0,False
06,y_d_spread,M1,2026-03,837.6776400682924,1000000.0,False
06,y_d_spread,M1,2026-04,1343.3993325988988,1000000.0,False
06,y_d_spread,M1,2026-05,837.6776400682924,1000000.0,False
06,y_d_spread,M1,2026-06,1343.3993325988988,1000000.0,False
06,y_d_spread,M1,2026-07,36652.41237079626,1000000.0,False
06,y_d_oat,M0,2020-01,49.238826317067364,1000000.0,False
06,y_d_oat,M0,2020-02,49.238826317067364,1000000.0,False
06,y_d_oat,M0,2020-03,49.238826317067364,1000000.0,False
06,y_d_oat,M0,2020-04,49.238826317067364,1000000.0,False
06,y_d_oat,M0,2020-05,49.238826317067364,1000000.0,False
06,y_d_oat,M0,2020-06,49.238826317067364,1000000.0,False
06,y_d_oat,M0,2020-07,49.238826317067364,1000000.0,False
06,y_d_oat,M0,2020-08,49.238826317067364,1000000.0,False
06,y_d_oat,M0,2020-09,49.238826317067364,1000000.0,False
06,y_d_oat,M0,2020-10,49.238826317067364,1000000.0,False
06,y_d_oat,M0,2020-11,49.238826317067364,1000000.0,False
06,y_d_oat,M0,2020-12,49.238826317067364,1000000.0,False
06,y_d_oat,M0,2021-01,49.238826317067364,1000000.0,False
06,y_d_oat,M0,2021-02,49.238826317067364,1000000.0,False
06,y_d_oat,M0,2021-03,49.238826317067364,1000000.0,False
06,y_d_oat,M0,2021-04,49.238826317067364,1000000.0,False
06,y_d_oat,M0,2021-05,49.238826317067364,1000000.0,False
06,y_d_oat,M0,2021-06,49.238826317067364,1000000.0,False
06,y_d_oat,M0,2021-07,49.238826317067364,1000000.0,False
06,y_d_oat,M0,2021-08,49.238826317067364,1000000.0,False
06,y_d_oat,M0,2021-09,49.238826317067364,1000000.0,False
06,y_d_oat,M0,2021-10,49.238826317067364,1000000.0,False
06,y_d_oat,M0,2021-11,49.238826317067364,1000000.0,False
06,y_d_oat,M0,2021-12,49.238826317067364,1000000.0,False
06,y_d_oat,M0,2022-01,49.238826317067364,1000000.0,False
06,y_d_oat,M0,2022-02,49.238826317067364,1000000.0,False
06,y_d_oat,M0,2022-03,49.238826317067364,1000000.0,False
06,y_d_oat,M0,2022-04,78.96522868499724,1000000.0,False
06,y_d_oat,M0,2022-05,49.238826317067364,1000000.0,False
06,y_d_oat,M0,2022-06,49.238826317067364,1000000.0,False
06,y_d_oat,M0,2022-07,126.63801734674021,1000000.0,False
06,y_d_oat,M0,2022-08,126.63801734674021,1000000.0,False
06,y_d_oat,M0,2022-09,203.09176209047348,1000000.0,False
06,y_d_oat,M0,2022-10,49.238826317067364,1000000.0,False
06,y_d_oat,M0,2022-11,126.63801734674021,1000000.0,False
06,y_d_oat,M0,2022-12,49.238826317067364,1000000.0,False
06,y_d_oat,M0,2023-01,49.238826317067364,1000000.0,False
06,y_d_oat,M0,2023-02,49.238826317067364,1000000.0,False
06,y_d_oat,M0,2023-03,49.238826317067364,1000000.0,False
06,y_d_oat,M0,2023-04,30.702906297578497,1000000.0,False
06,y_d_oat,M0,2023-05,30.702906297578497,1000000.0,False
06,y_d_oat,M0,2023-06,19.144819761699576,1000000.0,False
06,y_d_oat,M0,2023-07,49.238826317067364,1000000.0,False
06,y_d_oat,M0,2023-08,49.238826317067364,1000000.0,False
06,y_d_oat,M0,2023-09,78.96522868499724,1000000.0,False
06,y_d_oat,M0,2023-10,78.96522868499724,1000000.0,False
06,y_d_oat,M0,2023-11,78.96522868499724,1000000.0,False
06,y_d_oat,M0,2023-12,19.144819761699576,1000000.0,False
06,y_d_oat,M0,2024-01,19.144819761699576,1000000.0,False
06,y_d_oat,M0,2024-02,19.144819761699576,1000000.0,False
06,y_d_oat,M0,2024-03,19.144819761699576,1000000.0,False
06,y_d_oat,M0,2024-04,30.702906297578497,1000000.0,False
06,y_d_oat,M0,2024-05,49.238826317067364,1000000.0,False
06,y_d_oat,M0,2024-06,49.238826317067364,1000000.0,False
06,y_d_oat,M0,2024-07,49.238826317067364,1000000.0,False
06,y_d_oat,M0,2024-08,49.238826317067364,1000000.0,False
06,y_d_oat,M0,2024-09,49.238826317067364,1000000.0,False
06,y_d_oat,M0,2024-10,49.238826317067364,1000000.0,False
06,y_d_oat,M0,2024-11,78.96522868499724,1000000.0,False
06,y_d_oat,M0,2024-12,78.96522868499724,1000000.0,False
06,y_d_oat,M0,2025-01,126.63801734674021,1000000.0,False
06,y_d_oat,M0,2025-02,126.63801734674021,1000000.0,False
06,y_d_oat,M0,2025-03,203.09176209047348,1000000.0,False
06,y_d_oat,M0,2025-04,203.09176209047348,1000000.0,False
06,y_d_oat,M0,2025-05,203.09176209047348,1000000.0,False
06,y_d_oat,M0,2025-06,203.09176209047348,1000000.0,False
06,y_d_oat,M0,2025-07,203.09176209047348,1000000.0,False
06,y_d_oat,M0,2025-08,203.09176209047348,1000000.0,False
06,y_d_oat,M0,2025-09,203.09176209047348,1000000.0,False
06,y_d_oat,M0,2025-10,203.09176209047348,1000000.0,False
06,y_d_oat,M0,2025-11,203.09176209047348,1000000.0,False
06,y_d_oat,M0,2025-12,325.7020655659783,1000000.0,False
06,y_d_oat,M0,2026-01,203.09176209047348,1000000.0,False
06,y_d_oat,M0,2026-02,203.09176209047348,1000000.0,False
06,y_d_oat,M0,2026-03,325.7020655659783,1000000.0,False
06,y_d_oat,M0,2026-04,325.7020655659783,1000000.0,False
06,y_d_oat,M0,2026-05,325.7020655659783,1000000.0,False
06,y_d_oat,M0,2026-06,325.7020655659783,1000000.0,False
06,y_d_oat,M0,2026-07,325.7020655659783,1000000.0,False
06,y_d_oat,M1,2020-01,49.238826317067364,1000000.0,False
06,y_d_oat,M1,2020-02,49.238826317067364,1000000.0,False
06,y_d_oat,M1,2020-03,78.96522868499724,1000000.0,False
06,y_d_oat,M1,2020-04,78.96522868499724,1000000.0,False
06,y_d_oat,M1,2020-05,49.238826317067364,1000000.0,False
06,y_d_oat,M1,2020-06,49.238826317067364,1000000.0,False
06,y_d_oat,M1,2020-07,78.96522868499724,1000000.0,False
06,y_d_oat,M1,2020-08,78.96522868499724,1000000.0,False
06,y_d_oat,M1,2020-09,78.96522868499724,1000000.0,False
06,y_d_oat,M1,2020-10,78.96522868499724,1000000.0,False
06,y_d_oat,M1,2020-11,78.96522868499724,1000000.0,False
06,y_d_oat,M1,2020-12,78.96522868499724,1000000.0,False
06,y_d_oat,M1,2021-01,78.96522868499724,1000000.0,False
06,y_d_oat,M1,2021-02,78.96522868499724,1000000.0,False
06,y_d_oat,M1,2021-03,78.96522868499724,1000000.0,False
06,y_d_oat,M1,2021-04,78.96522868499724,1000000.0,False
06,y_d_oat,M1,2021-05,78.96522868499724,1000000.0,False
06,y_d_oat,M1,2021-06,78.96522868499724,1000000.0,False
06,y_d_oat,M1,2021-07,78.96522868499724,1000000.0,False
06,y_d_oat,M1,2021-08,78.96522868499724,1000000.0,False
06,y_d_oat,M1,2021-09,78.96522868499724,1000000.0,False
06,y_d_oat,M1,2021-10,78.96522868499724,1000000.0,False
06,y_d_oat,M1,2021-11,78.96522868499724,1000000.0,False
06,y_d_oat,M1,2021-12,78.96522868499724,1000000.0,False
06,y_d_oat,M1,2022-01,78.96522868499724,1000000.0,False
06,y_d_oat,M1,2022-02,78.96522868499724,1000000.0,False
06,y_d_oat,M1,2022-03,78.96522868499724,1000000.0,False
06,y_d_oat,M1,2022-04,126.63801734674021,1000000.0,False
06,y_d_oat,M1,2022-05,78.96522868499724,1000000.0,False
06,y_d_oat,M1,2022-06,49.238826317067364,1000000.0,False
06,y_d_oat,M1,2022-07,203.09176209047348,1000000.0,False
06,y_d_oat,M1,2022-08,203.09176209047348,1000000.0,False
06,y_d_oat,M1,2022-09,325.7020655659783,1000000.0,False
06,y_d_oat,M1,2022-10,126.63801734674021,1000000.0,False
06,y_d_oat,M1,2022-11,325.7020655659783,1000000.0,False
06,y_d_oat,M1,2022-12,203.09176209047348,1000000.0,False
06,y_d_oat,M1,2023-01,203.09176209047348,1000000.0,False
06,y_d_oat,M1,2023-02,203.09176209047348,1000000.0,False
06,y_d_oat,M1,2023-03,203.09176209047348,1000000.0,False
06,y_d_oat,M1,2023-04,203.09176209047348,1000000.0,False
06,y_d_oat,M1,2023-05,203.09176209047348,1000000.0,False
06,y_d_oat,M1,2023-06,203.09176209047348,1000000.0,False
06,y_d_oat,M1,2023-07,325.7020655659783,1000000.0,False
06,y_d_oat,M1,2023-08,325.7020655659783,1000000.0,False
06,y_d_oat,M1,2023-09,325.7020655659783,1000000.0,False
06,y_d_oat,M1,2023-10,325.7020655659783,1000000.0,False
06,y_d_oat,M1,2023-11,325.7020655659783,1000000.0,False
06,y_d_oat,M1,2023-12,78.96522868499724,1000000.0,False
06,y_d_oat,M1,2024-01,203.09176209047348,1000000.0,False
06,y_d_oat,M1,2024-02,203.09176209047348,1000000.0,False
06,y_d_oat,M1,2024-03,203.09176209047348,1000000.0,False
06,y_d_oat,M1,2024-04,203.09176209047348,1000000.0,False
06,y_d_oat,M1,2024-05,203.09176209047348,1000000.0,False
06,y_d_oat,M1,2024-06,325.7020655659783,1000000.0,False
06,y_d_oat,M1,2024-07,203.09176209047348,1000000.0,False
06,y_d_oat,M1,2024-08,203.09176209047348,1000000.0,False
06,y_d_oat,M1,2024-09,203.09176209047348,1000000.0,False
06,y_d_oat,M1,2024-10,203.09176209047348,1000000.0,False
06,y_d_oat,M1,2024-11,203.09176209047348,1000000.0,False
06,y_d_oat,M1,2024-12,203.09176209047348,1000000.0,False
06,y_d_oat,M1,2025-01,325.7020655659783,1000000.0,False
06,y_d_oat,M1,2025-02,325.7020655659783,1000000.0,False
06,y_d_oat,M1,2025-03,522.3345074266844,1000000.0,False
06,y_d_oat,M1,2025-04,522.3345074266844,1000000.0,False
06,y_d_oat,M1,2025-05,522.3345074266844,1000000.0,False
06,y_d_oat,M1,2025-06,522.3345074266844,1000000.0,False
06,y_d_oat,M1,2025-07,522.3345074266844,1000000.0,False
06,y_d_oat,M1,2025-08,522.3345074266844,1000000.0,False
06,y_d_oat,M1,2025-09,837.6776400682924,1000000.0,False
06,y_d_oat,M1,2025-10,837.6776400682924,1000000.0,False
06,y_d_oat,M1,2025-11,837.6776400682924,1000000.0,False
06,y_d_oat,M1,2025-12,837.6776400682924,1000000.0,False
06,y_d_oat,M1,2026-01,837.6776400682924,1000000.0,False
06,y_d_oat,M1,2026-02,522.3345074266844,1000000.0,False
06,y_d_oat,M1,2026-03,837.6776400682924,1000000.0,False
06,y_d_oat,M1,2026-04,837.6776400682924,1000000.0,False
06,y_d_oat,M1,2026-05,837.6776400682924,1000000.0,False
06,y_d_oat,M1,2026-06,837.6776400682924,1000000.0,False
06,y_d_oat,M1,2026-07,837.6776400682924,1000000.0,False
06,y_cac_ret,M0,2020-01,1000000.0,1000000.0,True
06,y_cac_ret,M0,2020-02,1000000.0,1000000.0,True
06,y_cac_ret,M0,2020-03,1000000.0,1000000.0,True
06,y_cac_ret,M0,2020-04,1000000.0,1000000.0,True
06,y_cac_ret,M0,2020-05,1000000.0,1000000.0,True
06,y_cac_ret,M0,2020-06,1000000.0,1000000.0,True
06,y_cac_ret,M0,2020-07,1000000.0,1000000.0,True
06,y_cac_ret,M0,2020-08,1000000.0,1000000.0,True
06,y_cac_ret,M0,2020-09,1000000.0,1000000.0,True
06,y_cac_ret,M0,2020-10,1000000.0,1000000.0,True
06,y_cac_ret,M0,2020-11,1000000.0,1000000.0,True
06,y_cac_ret,M0,2020-12,1000000.0,1000000.0,True
06,y_cac_ret,M0,2021-01,522.3345074266844,1000000.0,False
06,y_cac_ret,M0,2021-02,203.09176209047348,1000000.0,False
06,y_cac_ret,M0,2021-03,203.09176209047348,1000000.0,False
06,y_cac_ret,M0,2021-04,203.09176209047348,1000000.0,False
06,y_cac_ret,M0,2021-05,325.7020655659783,1000000.0,False
06,y_cac_ret,M0,2021-06,325.7020655659783,1000000.0,False
06,y_cac_ret,M0,2021-07,325.7020655659783,1000000.0,False
06,y_cac_ret,M0,2021-08,325.7020655659783,1000000.0,False
06,y_cac_ret,M0,2021-09,325.7020655659783,1000000.0,False
06,y_cac_ret,M0,2021-10,522.3345074266844,1000000.0,False
06,y_cac_ret,M0,2021-11,325.7020655659783,1000000.0,False
06,y_cac_ret,M0,2021-12,1343.3993325988988,1000000.0,False
06,y_cac_ret,M0,2022-01,1343.3993325988988,1000000.0,False
06,y_cac_ret,M0,2022-02,325.7020655659783,1000000.0,False
06,y_cac_ret,M0,2022-03,325.7020655659783,1000000.0,False
06,y_cac_ret,M0,2022-04,325.7020655659783,1000000.0,False
06,y_cac_ret,M0,2022-05,203.09176209047348,1000000.0,False
06,y_cac_ret,M0,2022-06,126.63801734674021,1000000.0,False
06,y_cac_ret,M0,2022-07,1000000.0,1000000.0,True
06,y_cac_ret,M0,2022-08,1000000.0,1000000.0,True
06,y_cac_ret,M0,2022-09,1000000.0,1000000.0,True
06,y_cac_ret,M0,2022-10,1000000.0,1000000.0,True
06,y_cac_ret,M0,2022-11,1000000.0,1000000.0,True
06,y_cac_ret,M0,2022-12,1000000.0,1000000.0,True
06,y_cac_ret,M0,2023-01,1000000.0,1000000.0,True
06,y_cac_ret,M0,2023-02,3455.1072945922183,1000000.0,False
06,y_cac_ret,M0,2023-03,2154.4346900318824,1000000.0,False
06,y_cac_ret,M0,2023-04,837.6776400682924,1000000.0,False
06,y_cac_ret,M0,2023-05,1000000.0,1000000.0,True
06,y_cac_ret,M0,2023-06,1343.3993325988988,1000000.0,False
06,y_cac_ret,M0,2023-07,1343.3993325988988,1000000.0,False
06,y_cac_ret,M0,2023-08,2154.4346900318824,1000000.0,False
06,y_cac_ret,M0,2023-09,3455.1072945922183,1000000.0,False
06,y_cac_ret,M0,2023-10,22854.638641349884,1000000.0,False
06,y_cac_ret,M0,2023-11,1343.3993325988988,1000000.0,False
06,y_cac_ret,M0,2023-12,2154.4346900318824,1000000.0,False
06,y_cac_ret,M0,2024-01,3455.1072945922183,1000000.0,False
06,y_cac_ret,M0,2024-02,1343.3993325988988,1000000.0,False
06,y_cac_ret,M0,2024-03,1343.3993325988988,1000000.0,False
06,y_cac_ret,M0,2024-04,1343.3993325988988,1000000.0,False
06,y_cac_ret,M0,2024-05,2154.4346900318824,1000000.0,False
06,y_cac_ret,M0,2024-06,2154.4346900318824,1000000.0,False
06,y_cac_ret,M0,2024-07,2154.4346900318824,1000000.0,False
06,y_cac_ret,M0,2024-08,2154.4346900318824,1000000.0,False
06,y_cac_ret,M0,2024-09,2154.4346900318824,1000000.0,False
06,y_cac_ret,M0,2024-10,3455.1072945922183,1000000.0,False
06,y_cac_ret,M0,2024-11,5541.020330009492,1000000.0,False
06,y_cac_ret,M0,2024-12,3455.1072945922183,1000000.0,False
06,y_cac_ret,M0,2025-01,2154.4346900318824,1000000.0,False
06,y_cac_ret,M0,2025-02,2154.4346900318824,1000000.0,False
06,y_cac_ret,M0,2025-03,837.6776400682924,1000000.0,False
06,y_cac_ret,M0,2025-04,2154.4346900318824,1000000.0,False
06,y_cac_ret,M0,2025-05,1343.3993325988988,1000000.0,False
06,y_cac_ret,M0,2025-06,1343.3993325988988,1000000.0,False
06,y_cac_ret,M0,2025-07,1343.3993325988988,1000000.0,False
06,y_cac_ret,M0,2025-08,1343.3993325988988,1000000.0,False
06,y_cac_ret,M0,2025-09,1343.3993325988988,1000000.0,False
06,y_cac_ret,M0,2025-10,837.6776400682924,1000000.0,False
06,y_cac_ret,M0,2025-11,837.6776400682924,1000000.0,False
06,y_cac_ret,M0,2025-12,837.6776400682924,1000000.0,False
06,y_cac_ret,M0,2026-01,837.6776400682924,1000000.0,False
06,y_cac_ret,M0,2026-02,837.6776400682924,1000000.0,False
06,y_cac_ret,M0,2026-03,837.6776400682924,1000000.0,False
06,y_cac_ret,M0,2026-04,837.6776400682924,1000000.0,False
06,y_cac_ret,M0,2026-05,837.6776400682924,1000000.0,False
06,y_cac_ret,M0,2026-06,837.6776400682924,1000000.0,False
06,y_cac_ret,M0,2026-07,837.6776400682924,1000000.0,False
06,y_cac_ret,M1,2020-01,1000000.0,1000000.0,True
06,y_cac_ret,M1,2020-02,1000000.0,1000000.0,True
06,y_cac_ret,M1,2020-03,1000000.0,1000000.0,True
06,y_cac_ret,M1,2020-04,1000000.0,1000000.0,True
06,y_cac_ret,M1,2020-05,1000000.0,1000000.0,True
06,y_cac_ret,M1,2020-06,1000000.0,1000000.0,True
06,y_cac_ret,M1,2020-07,1000000.0,1000000.0,True
06,y_cac_ret,M1,2020-08,1000000.0,1000000.0,True
06,y_cac_ret,M1,2020-09,1000000.0,1000000.0,True
06,y_cac_ret,M1,2020-10,1000000.0,1000000.0,True
06,y_cac_ret,M1,2020-11,1000000.0,1000000.0,True
06,y_cac_ret,M1,2020-12,1000000.0,1000000.0,True
06,y_cac_ret,M1,2021-01,1000000.0,1000000.0,True
06,y_cac_ret,M1,2021-02,1000000.0,1000000.0,True
06,y_cac_ret,M1,2021-03,325.7020655659783,1000000.0,False
06,y_cac_ret,M1,2021-04,325.7020655659783,1000000.0,False
06,y_cac_ret,M1,2021-05,522.3345074266844,1000000.0,False
06,y_cac_ret,M1,2021-06,522.3345074266844,1000000.0,False
06,y_cac_ret,M1,2021-07,522.3345074266844,1000000.0,False
06,y_cac_ret,M1,2021-08,522.3345074266844,1000000.0,False
06,y_cac_ret,M1,2021-09,522.3345074266844,1000000.0,False
06,y_cac_ret,M1,2021-10,522.3345074266844,1000000.0,False
06,y_cac_ret,M1,2021-11,522.3345074266844,1000000.0,False
06,y_cac_ret,M1,2021-12,522.3345074266844,1000000.0,False
06,y_cac_ret,M1,2022-01,837.6776400682924,1000000.0,False
06,y_cac_ret,M1,2022-02,522.3345074266844,1000000.0,False
06,y_cac_ret,M1,2022-03,837.6776400682924,1000000.0,False
06,y_cac_ret,M1,2022-04,522.3345074266844,1000000.0,False
06,y_cac_ret,M1,2022-05,522.3345074266844,1000000.0,False
06,y_cac_ret,M1,2022-06,325.7020655659783,1000000.0,False
06,y_cac_ret,M1,2022-07,1000000.0,1000000.0,True
06,y_cac_ret,M1,2022-08,1000000.0,1000000.0,True
06,y_cac_ret,M1,2022-09,325.7020655659783,1000000.0,False
06,y_cac_ret,M1,2022-10,1000000.0,1000000.0,True
06,y_cac_ret,M1,2022-11,1000000.0,1000000.0,True
06,y_cac_ret,M1,2022-12,1000000.0,1000000.0,True
06,y_cac_ret,M1,2023-01,1000000.0,1000000.0,True
06,y_cac_ret,M1,2023-02,1000000.0,1000000.0,True
06,y_cac_ret,M1,2023-03,1000000.0,1000000.0,True
06,y_cac_ret,M1,2023-04,2154.4346900318824,1000000.0,False
06,y_cac_ret,M1,2023-05,1000000.0,1000000.0,True
06,y_cac_ret,M1,2023-06,3455.1072945922183,1000000.0,False
06,y_cac_ret,M1,2023-07,2154.4346900318824,1000000.0,False
06,y_cac_ret,M1,2023-08,1000000.0,1000000.0,True
06,y_cac_ret,M1,2023-09,1000000.0,1000000.0,True
06,y_cac_ret,M1,2023-10,1000000.0,1000000.0,True
06,y_cac_ret,M1,2023-11,1000000.0,1000000.0,True
06,y_cac_ret,M1,2023-12,388815.51803080854,1000000.0,False
06,y_cac_ret,M1,2024-01,1000000.0,1000000.0,True
06,y_cac_ret,M1,2024-02,36652.41237079626,1000000.0,False
06,y_cac_ret,M1,2024-03,151177.507061566,1000000.0,False
06,y_cac_ret,M1,2024-04,22854.638641349884,1000000.0,False
06,y_cac_ret,M1,2024-05,36652.41237079626,1000000.0,False
06,y_cac_ret,M1,2024-06,5541.020330009492,1000000.0,False
06,y_cac_ret,M1,2024-07,3455.1072945922183,1000000.0,False
06,y_cac_ret,M1,2024-08,3455.1072945922183,1000000.0,False
06,y_cac_ret,M1,2024-09,3455.1072945922183,1000000.0,False
06,y_cac_ret,M1,2024-10,2154.4346900318824,1000000.0,False
06,y_cac_ret,M1,2024-11,2154.4346900318824,1000000.0,False
06,y_cac_ret,M1,2024-12,2154.4346900318824,1000000.0,False
06,y_cac_ret,M1,2025-01,36652.41237079626,1000000.0,False
06,y_cac_ret,M1,2025-02,22854.638641349884,1000000.0,False
06,y_cac_ret,M1,2025-03,2154.4346900318824,1000000.0,False
06,y_cac_ret,M1,2025-04,3455.1072945922183,1000000.0,False
06,y_cac_ret,M1,2025-05,2154.4346900318824,1000000.0,False
06,y_cac_ret,M1,2025-06,2154.4346900318824,1000000.0,False
06,y_cac_ret,M1,2025-07,2154.4346900318824,1000000.0,False
06,y_cac_ret,M1,2025-08,1343.3993325988988,1000000.0,False
06,y_cac_ret,M1,2025-09,2154.4346900318824,1000000.0,False
06,y_cac_ret,M1,2025-10,2154.4346900318824,1000000.0,False
06,y_cac_ret,M1,2025-11,2154.4346900318824,1000000.0,False
06,y_cac_ret,M1,2025-12,2154.4346900318824,1000000.0,False
06,y_cac_ret,M1,2026-01,1343.3993325988988,1000000.0,False
06,y_cac_ret,M1,2026-02,1343.3993325988988,1000000.0,False
06,y_cac_ret,M1,2026-03,1343.3993325988988,1000000.0,False
06,y_cac_ret,M1,2026-04,837.6776400682924,1000000.0,False
06,y_cac_ret,M1,2026-05,837.6776400682924,1000000.0,False
06,y_cac_ret,M1,2026-06,837.6776400682924,1000000.0,False
06,y_cac_ret,M1,2026-07,837.6776400682924,1000000.0,False
11,E16 y_change,sans_fp,2012-01,356.2247890262444,10000.0,False
11,E16 y_change,sans_fp,2012-04,2395.026619987486,10000.0,False
11,E16 y_change,sans_fp,2012-07,32.90344562312668,10000.0,False
11,E16 y_change,sans_fp,2012-10,52.98316906283707,10000.0,False
11,E16 y_change,sans_fp,2013-01,32.90344562312668,10000.0,False
11,E16 y_change,sans_fp,2013-04,52.98316906283707,10000.0,False
11,E16 y_change,sans_fp,2013-07,32.90344562312668,10000.0,False
11,E16 y_change,sans_fp,2013-10,32.90344562312668,10000.0,False
11,E16 y_change,sans_fp,2014-01,52.98316906283707,10000.0,False
11,E16 y_change,sans_fp,2014-04,52.98316906283707,10000.0,False
11,E16 y_change,sans_fp,2014-07,85.31678524172806,10000.0,False
11,E16 y_change,sans_fp,2014-10,52.98316906283707,10000.0,False
11,E16 y_change,sans_fp,2015-01,52.98316906283707,10000.0,False
11,E16 y_change,sans_fp,2015-04,52.98316906283707,10000.0,False
11,E16 y_change,sans_fp,2015-07,85.31678524172806,10000.0,False
11,E16 y_change,sans_fp,2015-10,85.31678524172806,10000.0,False
11,E16 y_change,sans_fp,2016-01,85.31678524172806,10000.0,False
11,E16 y_change,sans_fp,2016-04,85.31678524172806,10000.0,False
11,E16 y_change,sans_fp,2016-07,85.31678524172806,10000.0,False
11,E16 y_change,sans_fp,2016-10,85.31678524172806,10000.0,False
11,E16 y_change,sans_fp,2017-01,85.31678524172806,10000.0,False
11,E16 y_change,sans_fp,2017-04,85.31678524172806,10000.0,False
11,E16 y_change,sans_fp,2017-07,20.433597178569418,10000.0,False
11,E16 y_change,sans_fp,2017-10,20.433597178569418,10000.0,False
11,E16 y_change,sans_fp,2018-01,12.689610031679221,10000.0,False
11,E16 y_change,sans_fp,2018-04,85.31678524172806,10000.0,False
11,E16 y_change,sans_fp,2018-07,85.31678524172806,10000.0,False
11,E16 y_change,sans_fp,2018-10,85.31678524172806,10000.0,False
11,E16 y_change,sans_fp,2019-01,85.31678524172806,10000.0,False
11,E16 y_change,sans_fp,2019-04,52.98316906283707,10000.0,False
11,E16 y_change,sans_fp,2019-07,52.98316906283707,10000.0,False
11,E16 y_change,sans_fp,2019-10,52.98316906283707,10000.0,False
11,E16 y_change,sans_fp,2020-01,32.90344562312668,10000.0,False
11,E16 y_change,sans_fp,2020-04,32.90344562312668,10000.0,False
11,E16 y_change,sans_fp,2020-07,20.433597178569418,10000.0,False
11,E16 y_change,sans_fp,2020-10,20.433597178569418,10000.0,False
11,E16 y_change,sans_fp,2021-01,20.433597178569418,10000.0,False
11,E16 y_change,sans_fp,2021-04,20.433597178569418,10000.0,False
11,E16 y_change,sans_fp,2021-07,32.90344562312668,10000.0,False
11,E16 y_change,sans_fp,2021-10,20.433597178569418,10000.0,False
11,E16 y_change,sans_fp,2022-01,20.433597178569418,10000.0,False
11,E16 y_change,sans_fp,2022-04,20.433597178569418,10000.0,False
11,E16 y_change,sans_fp,2022-07,20.433597178569418,10000.0,False
11,E16 y_change,sans_fp,2022-10,20.433597178569418,10000.0,False
11,E16 y_change,sans_fp,2023-01,20.433597178569418,10000.0,False
11,E16 y_change,sans_fp,2023-04,32.90344562312668,10000.0,False
11,E16 y_change,sans_fp,2023-07,32.90344562312668,10000.0,False
11,E16 y_change,sans_fp,2023-10,52.98316906283707,10000.0,False
11,E16 y_change,sans_fp,2024-01,32.90344562312668,10000.0,False
11,E16 y_change,sans_fp,2024-04,32.90344562312668,10000.0,False
11,E16 y_change,sans_fp,2024-07,32.90344562312668,10000.0,False
11,E16 y_change,sans_fp,2024-10,32.90344562312668,10000.0,False
11,E16 y_change,sans_fp,2025-01,32.90344562312668,10000.0,False
11,E16 y_change,sans_fp,2025-04,32.90344562312668,10000.0,False
11,E16 y_change,sans_fp,2025-07,32.90344562312668,10000.0,False
11,E16 y_change,sans_fp,2025-10,32.90344562312668,10000.0,False
11,E16 y_change,sans_fp,2026-01,32.90344562312668,10000.0,False
11,E16 y_change,sans_fp,2026-04,32.90344562312668,10000.0,False
11,E16 y_change,sans_fp,2026-07,32.90344562312668,10000.0,False
11,E16 y_change,complet,2012-01,573.6152510448682,10000.0,False
11,E16 y_change,complet,2012-04,2395.026619987486,10000.0,False
11,E16 y_change,complet,2012-07,85.31678524172806,10000.0,False
11,E16 y_change,complet,2012-10,52.98316906283707,10000.0,False
11,E16 y_change,complet,2013-01,52.98316906283707,10000.0,False
11,E16 y_change,complet,2013-04,85.31678524172806,10000.0,False
11,E16 y_change,complet,2013-07,52.98316906283707,10000.0,False
11,E16 y_change,complet,2013-10,85.31678524172806,10000.0,False
11,E16 y_change,complet,2014-01,85.31678524172806,10000.0,False
11,E16 y_change,complet,2014-04,85.31678524172806,10000.0,False
11,E16 y_change,complet,2014-07,85.31678524172806,10000.0,False
11,E16 y_change,complet,2014-10,85.31678524172806,10000.0,False
11,E16 y_change,complet,2015-01,85.31678524172806,10000.0,False
11,E16 y_change,complet,2015-04,85.31678524172806,10000.0,False
11,E16 y_change,complet,2015-07,85.31678524172806,10000.0,False
11,E16 y_change,complet,2015-10,85.31678524172806,10000.0,False
11,E16 y_change,complet,2016-01,85.31678524172806,10000.0,False
11,E16 y_change,complet,2016-04,85.31678524172806,10000.0,False
11,E16 y_change,complet,2016-07,85.31678524172806,10000.0,False
11,E16 y_change,complet,2016-10,85.31678524172806,10000.0,False
11,E16 y_change,complet,2017-01,85.31678524172806,10000.0,False
11,E16 y_change,complet,2017-04,85.31678524172806,10000.0,False
11,E16 y_change,complet,2017-07,85.31678524172806,10000.0,False
11,E16 y_change,complet,2017-10,85.31678524172806,10000.0,False
11,E16 y_change,complet,2018-01,85.31678524172806,10000.0,False
11,E16 y_change,complet,2018-04,85.31678524172806,10000.0,False
11,E16 y_change,complet,2018-07,85.31678524172806,10000.0,False
11,E16 y_change,complet,2018-10,85.31678524172806,10000.0,False
11,E16 y_change,complet,2019-01,52.98316906283707,10000.0,False
11,E16 y_change,complet,2019-04,52.98316906283707,10000.0,False
11,E16 y_change,complet,2019-07,52.98316906283707,10000.0,False
11,E16 y_change,complet,2019-10,52.98316906283707,10000.0,False
11,E16 y_change,complet,2020-01,52.98316906283707,10000.0,False
11,E16 y_change,complet,2020-04,85.31678524172806,10000.0,False
11,E16 y_change,complet,2020-07,7.880462815669913,10000.0,False
11,E16 y_change,complet,2020-10,7.880462815669913,10000.0,False
11,E16 y_change,complet,2021-01,7.880462815669913,10000.0,False
11,E16 y_change,complet,2021-04,12.689610031679221,10000.0,False
11,E16 y_change,complet,2021-07,12.689610031679221,10000.0,False
11,E16 y_change,complet,2021-10,12.689610031679221,10000.0,False
11,E16 y_change,complet,2022-01,12.689610031679221,10000.0,False
11,E16 y_change,complet,2022-04,12.689610031679221,10000.0,False
11,E16 y_change,complet,2022-07,12.689610031679221,10000.0,False
11,E16 y_change,complet,2022-10,12.689610031679221,10000.0,False
11,E16 y_change,complet,2023-01,20.433597178569418,10000.0,False
11,E16 y_change,complet,2023-04,20.433597178569418,10000.0,False
11,E16 y_change,complet,2023-07,20.433597178569418,10000.0,False
11,E16 y_change,complet,2023-10,20.433597178569418,10000.0,False
11,E16 y_change,complet,2024-01,12.689610031679221,10000.0,False
11,E16 y_change,complet,2024-04,12.689610031679221,10000.0,False
11,E16 y_change,complet,2024-07,12.689610031679221,10000.0,False
11,E16 y_change,complet,2024-10,12.689610031679221,10000.0,False
11,E16 y_change,complet,2025-01,12.689610031679221,10000.0,False
11,E16 y_change,complet,2025-04,12.689610031679221,10000.0,False
11,E16 y_change,complet,2025-07,12.689610031679221,10000.0,False
11,E16 y_change,complet,2025-10,20.433597178569418,10000.0,False
11,E16 y_change,complet,2026-01,20.433597178569418,10000.0,False
11,E16 y_change,complet,2026-04,20.433597178569418,10000.0,False
11,E16 y_change,complet,2026-07,20.433597178569418,10000.0,False
