cible,jeu,R2_%,gain_vs_M0_pts
y_d_spread,dépenses réelles,-30.1021383553028,5.306205834913193
y_d_spread,bruit 0,-32.01759607526304,3.390748114952949
y_d_spread,bruit 1,-28.895681159134522,6.51266303108147
y_d_spread,bruit 2,-39.27137348741918,-3.863029297203191
y_d_spread,bruit 3,-23.374424632824354,12.033919557391638
y_d_spread,bruit 4,-41.7397105325167,-6.331366342300711
y_d_spread,bruit 5,-20.94337799143855,14.464966198777443
y_d_spread,bruit 6,-25.33267812790678,10.07566606230921
y_d_spread,bruit 7,-34.09714310657994,1.3112010836360497
y_d_spread,bruit 8,-20.01189241759549,15.396451772620502
y_d_spread,bruit 9,-34.761055266077065,0.6472889241389268
y_d_oat,dépenses réelles,-30.379590296284164,-0.1556991047077858
y_d_oat,bruit 0,-28.321971773079536,1.901919418496842
y_d_oat,bruit 1,-36.53431627888637,-6.310425087309994
y_d_oat,bruit 2,-27.976250701124037,2.2476404904523406
y_d_oat,bruit 3,-32.92571302671385,-2.7018218351374728
y_d_oat,bruit 4,-27.639708234832373,2.584182956744005
y_d_oat,bruit 5,-26.707886794707857,3.516004396868521
y_d_oat,bruit 6,-40.64314112222125,-10.419249930644874
y_d_oat,bruit 7,-21.31678137760069,8.907109813975687
y_d_oat,bruit 8,-16.291808464374924,13.932082727201454
y_d_oat,bruit 9,-30.553834396770064,-0.32994320519368614
y_cac_ret,dépenses réelles,-27.817857846400386,3.8421868430638533
y_cac_ret,bruit 0,-37.67767939484692,-6.0176347053826795
y_cac_ret,bruit 1,-33.24703984190849,-1.5869951524442492
y_cac_ret,bruit 2,-36.75577590652313,-5.095731217058887
y_cac_ret,bruit 3,-22.273411478443816,9.386633211020424
y_cac_ret,bruit 4,-30.133255238574442,1.5267894508897975
y_cac_ret,bruit 5,-18.259849878601454,13.400194810862786
y_cac_ret,bruit 6,-17.9715212574717,13.68852343199254
y_cac_ret,bruit 7,-31.242709410841705,0.4173352786225344
y_cac_ret,bruit 8,-13.676522663828594,17.983522025635644
y_cac_ret,bruit 9,-19.345618091847495,12.314426597616745
