cible,modele,CW_M1_vs_M0,p_CW_M1_vs_M0,p_DM_bilat_M1_vs_M0,p_CW_M1_vs_moyenne
y_d_spread,ridge,1.1509987869607035,0.12486636729242018,0.9711712156539449,0.582985426022341
y_d_spread,rf,0.2618002702127824,0.39673771536530067,0.5765791612656255,0.6920652841379281
y_d_spread,xgb,2.1011178698642134,0.017815310302961462,0.6053192641949323,0.7382009471371438
y_d_oat,ridge,0.773066095131431,0.21974163267006963,0.9885769961515609,0.48275632778822464
y_d_oat,rf,0.6596527600445177,0.25473834417016217,0.9933327500103166,0.22890916998177424
y_d_oat,xgb,1.385893447837121,0.08288972091599756,0.9817212818584036,0.36911484360517366
y_cac_ret,ridge,-0.8667659880289285,0.8069648793619048,0.36642843484851806,0.919530823066463
y_cac_ret,rf,0.10034754390152896,0.46003420668597905,0.7689837833402753,0.9051145444183537
y_cac_ret,xgb,1.884113068391736,0.029774841450213807,0.6258817122038622,0.794515107923141
