cible,tirage,p_CW,p_DM
y_d_spread,0,0.021202653268279192,0.8687076913621636
y_d_spread,1,0.0906720216272836,0.5870026926052243
y_d_spread,2,0.04400107354915195,0.9423497004712904
y_d_spread,3,0.004484314121793953,0.7336912944946925
y_d_spread,4,0.00038859388560374963,0.0678572670180626
y_d_spread,5,0.078133941032684,0.7687196507115974
y_d_spread,6,0.0009916738863993135,0.09253037116700935
y_d_spread,7,0.41726385015815903,0.18852215286242857
y_d_spread,8,0.02494989293476768,0.923601466590942
y_d_spread,9,0.4565977247186612,0.1574073662645472
y_d_spread,10,0.1979800786745134,0.4703197052988797
y_d_spread,11,9.302548938361355e-05,0.03164948522897504
y_d_spread,12,0.007597076760947341,0.3829052255325389
y_d_spread,13,0.06559940585146551,0.7059151268572095
y_d_spread,14,0.018672071064538498,0.9149463474235384
y_d_spread,15,0.02100454889624459,0.6319323178974559
y_d_spread,16,0.005897674655234497,0.49186576478652966
y_d_spread,17,0.007734161058460698,0.5849255235212552
y_d_spread,18,0.004016102001828559,0.3514417099382505
y_d_spread,19,0.015375298490403089,0.874059316322092
y_d_oat,0,0.5588696483325121,0.3353381583309889
y_d_oat,1,0.2538614763219158,0.7311843099269923
y_d_oat,2,0.16485963790703595,0.9101138862677036
y_d_oat,3,0.036440105758332564,0.6384762727719913
y_d_oat,4,0.05463623677596818,0.7741572823390894
y_d_oat,5,0.016171695569833,0.7601530079823355
y_d_oat,6,0.26180144853142906,0.5171158811843855
y_d_oat,7,0.029009859580084174,0.5337710093304129
y_d_oat,8,0.01693105035585518,0.22049477802163797
y_d_oat,9,0.03235556216369628,0.44985866357432736
y_d_oat,10,0.033044515867550195,0.5058884000032835
y_d_oat,11,0.6361863119176251,0.24721451750877477
y_d_oat,12,0.3057127543842375,0.5865685413962525
y_d_oat,13,0.05903299898610992,0.8008391306424145
y_d_oat,14,0.002731372138832122,0.23216511340481127
y_d_oat,15,0.4535531042424522,0.2876401807436513
y_d_oat,16,0.05284989000503637,0.6042249001579425
y_d_oat,17,0.016268332576954037,0.461623613484353
y_d_oat,18,0.4672983637783038,0.426009018822213
y_d_oat,19,0.046900609257077064,0.5029592720875387
y_cac_ret,0,0.02486681141350755,0.8717806253798881
y_cac_ret,1,0.06912951196032635,0.8292935257020826
y_cac_ret,2,0.0016647251278514297,0.1271026503573931
y_cac_ret,3,0.0030382051505093433,0.12745053910487636
y_cac_ret,4,0.021218695899010598,0.3388218106097094
y_cac_ret,5,0.027778646367421778,0.51375525414157
y_cac_ret,6,0.010454690735250405,0.22288078580051418
y_cac_ret,7,0.003944221978226081,0.23906200935987498
y_cac_ret,8,0.2681067427733772,0.6317050554355288
y_cac_ret,9,0.2558123288731732,0.6886404519028289
y_cac_ret,10,0.009377394522184446,0.3994944710886217
y_cac_ret,11,0.004592838299882884,0.21303618009999625
y_cac_ret,12,0.0435258098637461,0.7502943513889853
y_cac_ret,13,0.0025929166079993182,0.07497704458351562
y_cac_ret,14,0.1215507209045611,0.9095870821888714
y_cac_ret,15,0.025211526305203513,0.5519582743919003
y_cac_ret,16,0.02578548178143225,0.6805111199979978
y_cac_ret,17,0.008253992714139069,0.20493106706354824
y_cac_ret,18,0.5211339825919683,0.22197886046909687
y_cac_ret,19,0.00757025959589408,0.2977149291802077
