cible,graine,R2_M0_%,R2_M1_%,p_DM
y_d_spread,0,-37.02812664436941,-30.896136292766684,0.5386150108695658
y_d_spread,1,-38.29991495113521,-30.09844969328883,0.41849696048528107
y_d_spread,2,-30.760346582198107,-25.66571239955384,0.5879859768354816
y_d_spread,3,-34.669245311685245,-30.88648296458658,0.7141128243149466
y_d_spread,4,-30.80341918316245,-25.85392813153429,0.6364006080825493
y_d_spread,5,-32.3720507817552,-30.80065508183434,0.8741188822168477
y_d_spread,6,-39.778591162547784,-25.432047970188854,0.1394042159899631
y_d_spread,7,-37.267484184837144,-32.92259191352742,0.7088419979115186
y_d_spread,8,-35.81325001770963,-30.948872931592764,0.5906626399496657
y_d_spread,9,-33.86335145965289,-28.954857711853286,0.587891062129279
y_d_oat,0,-28.723384790478313,-31.81981769099518,0.6461285858839148
y_d_oat,1,-30.665888502443316,-30.735250730243457,0.9915207115522375
y_d_oat,2,-32.58410694138982,-32.255297967298134,0.9576385540272294
y_d_oat,3,-32.25877138929667,-30.418041551265773,0.8077343716648571
y_d_oat,4,-29.226631365834145,-30.179112356981207,0.8830588999701474
y_d_oat,5,-28.483192362354725,-27.61508238319319,0.8905152434070904
y_d_oat,6,-33.51652629387893,-35.24164623821826,0.8126892656267048
y_d_oat,7,-30.313584674760442,-35.39020453556074,0.5142382757126027
y_d_oat,8,-27.761011963102455,-32.446876064270526,0.4633077156135239
y_d_oat,9,-32.17650758186821,-32.89105564809223,0.9271322115881577
y_cac_ret,0,-39.110429650283976,-32.014060953365316,0.4089360682857919
y_cac_ret,1,-30.820037885065332,-27.92609154631238,0.658810663196812
y_cac_ret,2,-35.43682388317004,-27.515651387978114,0.2774187414586262
y_cac_ret,3,-33.8454875862763,-26.350000594745858,0.2976900754342666
y_cac_ret,4,-34.471798839035436,-25.134054136091844,0.25444367858086014
y_cac_ret,5,-35.37884623066137,-29.155906119956775,0.3617893507184464
y_cac_ret,6,-30.2700791634404,-27.28723584517223,0.7116887818238589
y_cac_ret,7,-34.886406188952535,-27.13960039880734,0.23425934535089388
y_cac_ret,8,-37.268626050170404,-27.330460883429453,0.1564309697909847
y_cac_ret,9,-34.79813041859299,-31.583836881264627,0.6702434764772327
