tirage,cible,part_SHAP_bruit_%
0,y_d_spread,43.24265
0,y_d_oat,41.566402
0,y_cac_ret,46.829254
1,y_d_spread,38.805447
1,y_d_oat,37.778446
1,y_cac_ret,41.498055
2,y_d_spread,37.110012
2,y_d_oat,36.122627
2,y_cac_ret,39.60534
3,y_d_spread,38.11228
3,y_d_oat,33.942204
3,y_cac_ret,31.243584
4,y_d_spread,35.341637
4,y_d_oat,26.452595
4,y_cac_ret,37.575485
5,y_d_spread,43.466995
5,y_d_oat,34.891674
5,y_cac_ret,36.91123
6,y_d_spread,34.28137
6,y_d_oat,36.325138
6,y_cac_ret,28.55829
7,y_d_spread,40.63776
7,y_d_oat,35.71752
7,y_cac_ret,39.753765
8,y_d_spread,35.692543
8,y_d_oat,29.25777
8,y_cac_ret,33.57297
9,y_d_spread,34.540424
9,y_d_oat,29.659239
9,y_cac_ret,35.795795
