extension,cible,comparaison,R2oos_sans_%_nouveau,R2oos_avec_%_nouveau,p_avec_meilleur_nouveau,R2oos_sans_%_ancienne_grille,R2oos_avec_%_ancienne_grille,p_avec_meilleur_ancienne_grille,R2oos_sans_%_commite,R2oos_avec_%_commite,p_avec_meilleur_commite,implique_ridge,delta_grille_R2oos_sans_%,delta_env_R2oos_sans_%,delta_grille_R2oos_avec_%,delta_env_R2oos_avec_%,delta_grille_p_avec_meilleur,delta_env_p_avec_meilleur
E1 horizon,y_cac_ret,rf h=12 : M1 vs M0,2.6984,-16.5192,0.895,2.6984,-16.5192,0.895,2.5476,-17.2816,0.9013,False,0.0,0.1508,0.0,0.7624,0.0,-0.0063
E1 horizon,y_cac_ret,rf h=3 : M1 vs M0,-9.082,-14.6658,0.9082,-9.082,-14.6658,0.9082,-7.0687,-11.9602,0.8847,False,0.0,-2.0133,0.0,-2.7056,0.0,0.0235
E1 horizon,y_cac_ret,rf h=6 : M1 vs M0,-30.3143,-39.5226,0.8718,-30.3143,-39.5226,0.8718,-31.6273,-39.6176,0.8323,False,0.0,1.313,0.0,0.095,0.0,0.0395
E1 horizon,y_cac_ret,ridge h=12 : M1 vs M0,-515.9262,-463.7037,0.284,-506.6231,-453.1679,0.2721,-459.3332,-459.6938,0.5028,True,-9.3031,-47.2899,-10.5358,6.5259,0.0119,-0.2307
E1 horizon,y_cac_ret,ridge h=3 : M1 vs M0,-38.5447,-140.5705,0.9824,-37.4978,-142.276,0.9847,-40.3233,-140.5464,0.9722,True,-1.0469,2.8255,1.7055,-1.7296,-0.0023,0.0125
E1 horizon,y_cac_ret,ridge h=6 : M1 vs M0,-115.4585,-257.2762,0.9694,-111.2678,-247.5256,0.9742,-102.0744,-243.8798,0.9715,True,-4.1907,-9.1934,-9.7506,-3.6458,-0.0048,0.0027
E1 horizon,y_cac_ret,xgb h=12 : M1 vs M0,11.8182,-26.8212,0.787,11.8182,-26.8212,0.787,14.1039,-33.8245,0.8117,False,0.0,-2.2857,0.0,7.0033,0.0,-0.0247
E1 horizon,y_cac_ret,xgb h=3 : M1 vs M0,-49.1455,-45.4679,0.3555,-49.1455,-45.4679,0.3555,-45.0523,-49.5314,0.6645,False,0.0,-4.0932,0.0,4.0635,0.0,-0.309
E1 horizon,y_cac_ret,xgb h=6 : M1 vs M0,-89.6738,-53.2117,0.0274,-89.6738,-53.2117,0.0274,-110.2941,-49.7884,0.0112,False,0.0,20.6203,0.0,-3.4233,0.0,0.0162
E1 horizon,y_d_oat,rf h=12 : M1 vs M0,-29.7809,-28.1679,0.4385,-29.7809,-28.1679,0.4385,-34.5761,-33.3823,0.4582,False,0.0,4.7952,0.0,5.2144,0.0,-0.0197
E1 horizon,y_d_oat,rf h=3 : M1 vs M0,-2.7472,-7.5874,0.6609,-2.7472,-7.5874,0.6609,-2.1969,-7.5797,0.6718,False,0.0,-0.5503,0.0,-0.0077,0.0,-0.0109
E1 horizon,y_d_oat,rf h=6 : M1 vs M0,-27.4902,-37.9918,0.8349,-27.4902,-37.9918,0.8349,-25.345,-38.5855,0.8704,False,0.0,-2.1452,0.0,0.5937,0.0,-0.0355
E1 horizon,y_d_oat,ridge h=12 : M1 vs M0,-686.4133,-869.3615,0.8488,-680.0921,-865.0322,0.8543,-663.2207,-758.0715,0.7111,True,-6.3212,-16.8714,-4.3293,-106.9607,-0.0055,0.1432
E1 horizon,y_d_oat,ridge h=3 : M1 vs M0,-51.6702,-92.7994,0.9826,-52.3086,-89.9989,0.9815,-45.8671,-79.0152,0.9936,True,0.6384,-6.4415,-2.8005,-10.9837,0.0011,-0.0121
E1 horizon,y_d_oat,ridge h=6 : M1 vs M0,-157.4568,-265.5931,0.9679,-156.1681,-266.7793,0.9714,-140.4571,-235.3944,0.9708,True,-1.2887,-15.711,1.1862,-31.3849,-0.0035,0.0006
E1 horizon,y_d_oat,xgb h=12 : M1 vs M0,-70.038,-53.2316,0.1402,-70.038,-53.2316,0.1402,-80.7983,-57.6187,0.0693,False,0.0,10.7603,0.0,4.3871,0.0,0.0709
E1 horizon,y_d_oat,xgb h=3 : M1 vs M0,-14.9348,-19.5847,0.5926,-14.9348,-19.5847,0.5926,-15.6133,-19.4737,0.588,False,0.0,0.6785,0.0,-0.111,0.0,0.0046
E1 horizon,y_d_oat,xgb h=6 : M1 vs M0,-46.9087,-61.5076,0.7702,-46.9087,-61.5076,0.7702,-50.4078,-60.9168,0.7033,False,0.0,3.4991,0.0,-0.5908,0.0,0.0669
E1 horizon,y_d_spread,rf h=12 : M1 vs M0,-93.949,-97.3141,0.667,-93.949,-97.3141,0.667,-100.6632,-100.2227,0.4795,False,0.0,6.7142,0.0,2.9086,0.0,0.1875
E1 horizon,y_d_spread,rf h=3 : M1 vs M0,2.2803,-8.6231,0.9452,2.2803,-8.6231,0.9452,3.1236,-8.0019,0.9577,False,0.0,-0.8433,0.0,-0.6212,0.0,-0.0125
E1 horizon,y_d_spread,rf h=6 : M1 vs M0,-12.1386,-20.571,0.9448,-12.1386,-20.571,0.9448,-9.7472,-16.8837,0.934,False,0.0,-2.3914,0.0,-3.6873,0.0,0.0108
E1 horizon,y_d_spread,ridge h=12 : M1 vs M0,-638.206,-524.5313,0.3651,-639.96,-523.0851,0.3594,-558.8031,-560.5952,0.5025,True,1.754,-81.1569,-1.4462,37.5101,0.0057,-0.1431
E1 horizon,y_d_spread,ridge h=3 : M1 vs M0,-61.8265,-199.1404,0.9994,-61.7073,-197.8745,0.9994,-61.8653,-184.7957,0.9973,True,-0.1192,0.158,-1.2659,-13.0788,0.0,0.0021
E1 horizon,y_d_spread,ridge h=6 : M1 vs M0,-107.1263,-192.9515,0.9927,-107.553,-192.4625,0.9932,-105.5892,-185.2797,0.9923,True,0.4267,-1.9638,-0.489,-7.1828,-0.0005,0.0009
E1 horizon,y_d_spread,xgb h=12 : M1 vs M0,-195.7664,-152.6029,0.0129,-195.7664,-152.6029,0.0129,-211.881,-164.5145,0.0109,False,0.0,16.1146,0.0,11.9116,0.0,0.002
E1 horizon,y_d_spread,xgb h=3 : M1 vs M0,-26.1674,-35.3602,0.7139,-26.1674,-35.3602,0.7139,-30.1533,-41.9393,0.766,False,0.0,3.9859,0.0,6.5791,0.0,-0.0521
E1 horizon,y_d_spread,xgb h=6 : M1 vs M0,-36.9128,-30.4941,0.2709,-36.9128,-30.4941,0.2709,-33.0598,-24.4102,0.18,False,0.0,-3.853,0.0,-6.0839,0.0,0.0909
E10 XGB réglé,y_cac_ret,xgb réglé : M1 vs M0,-6.1549,-2.988,0.1748,-6.1549,-2.988,0.1748,-4.8479,-3.1043,0.2552,False,0.0,-1.307,0.0,0.1163,0.0,-0.0804
E10 XGB réglé,y_d_oat,xgb réglé : M1 vs M0,-4.787,-5.3791,0.5493,-4.787,-5.3791,0.5493,-0.8669,-4.089,0.7836,False,0.0,-3.9201,0.0,-1.2901,0.0,-0.2343
E10 XGB réglé,y_d_spread,xgb réglé : M1 vs M0,-4.3688,-6.1982,0.8437,-4.3688,-6.1982,0.8437,-2.1063,-6.0338,0.9748,False,0.0,-2.2625,0.0,-0.1644,0.0,-0.1311
E11 fenêtre 60 mois,y_cac_ret,rf : M1 vs M0,-13.9919,-12.9388,0.3995,-13.9919,-12.9388,0.3995,-13.6072,-12.1998,0.3566,False,0.0,-0.3847,0.0,-0.739,0.0,0.0429
E11 fenêtre 60 mois,y_cac_ret,ridge : M1 vs M0,-3.9585,-7.5526,0.7562,-4.4364,-6.8855,0.6818,-1.9548,-6.4403,0.8046,True,0.4779,-2.4816,-0.6671,-0.4452,0.0744,-0.1228
E11 fenêtre 60 mois,y_cac_ret,xgb : M1 vs M0,-45.3908,-28.2385,0.0243,-45.3908,-28.2385,0.0243,-40.7154,-26.1342,0.0564,False,0.0,-4.6754,0.0,-2.1043,0.0,-0.0321
E11 fenêtre 60 mois,y_d_oat,rf : M1 vs M0,-9.4659,-10.3723,0.609,-9.4659,-10.3723,0.609,-6.3287,-8.0636,0.6958,False,0.0,-3.1372,0.0,-2.3087,0.0,-0.0868
E11 fenêtre 60 mois,y_d_oat,ridge : M1 vs M0,-8.7293,-17.606,0.9312,-8.2577,-16.3261,0.921,-9.9771,-16.2462,0.8884,True,-0.4716,1.7194,-1.2799,-0.0799,0.0102,0.0326
E11 fenêtre 60 mois,y_d_oat,xgb : M1 vs M0,-43.4024,-36.6608,0.2563,-43.4024,-36.6608,0.2563,-33.4607,-32.0968,0.4476,False,0.0,-9.9417,0.0,-4.564,0.0,-0.1913
E11 fenêtre 60 mois,y_d_spread,rf : M1 vs M0,-6.2081,-8.8572,0.7554,-6.2081,-8.8572,0.7554,-4.2745,-7.7909,0.8227,False,0.0,-1.9336,0.0,-1.0663,0.0,-0.0673
E11 fenêtre 60 mois,y_d_spread,ridge : M1 vs M0,-11.7893,-14.3084,0.6392,-11.9707,-13.9464,0.6095,-6.7921,-10.7319,0.7445,True,0.1814,-5.1786,-0.362,-3.2145,0.0297,-0.135
E11 fenêtre 60 mois,y_d_spread,xgb : M1 vs M0,-25.8936,-25.5876,0.4896,-25.8936,-25.5876,0.4896,-18.6555,-25.0662,0.7453,False,0.0,-7.2381,0.0,-0.5214,0.0,-0.2557
E12 par période,y_cac_ret,rf [2020-2021] : M1 vs M0,-11.0319,-11.2346,0.5117,-11.0319,-11.2346,0.5117,-11.0319,-11.2346,0.5117,False,0.0,0.0,0.0,0.0,0.0,0.0
E12 par période,y_cac_ret,rf [2022-2026] : M1 vs M0,-8.1032,-10.2867,0.737,-8.1032,-10.2867,0.737,-8.1032,-10.2867,0.737,False,0.0,0.0,0.0,0.0,0.0,0.0
E12 par période,y_cac_ret,rf [VIX > 20] : M1 vs M0,-7.0016,-10.2851,0.7017,-7.0016,-10.2851,0.7017,-7.0016,-10.2851,0.7017,False,0.0,0.0,0.0,0.0,0.0,0.0
E12 par période,y_cac_ret,rf [VIX ≤ 20] : M1 vs M0,-12.8372,-11.3874,0.3717,-12.8372,-11.3874,0.3717,-12.8372,-11.3874,0.3717,False,0.0,0.0,0.0,0.0,0.0,0.0
E12 par période,y_cac_ret,ridge [2020-2021] : M1 vs M0,-0.5269,-0.7485,0.6645,-0.0523,-1.2381,0.7916,-0.5269,-0.7485,0.6645,True,-0.4746,0.4746,0.4896,-0.4896,-0.1271,0.1271
E12 par période,y_cac_ret,ridge [2022-2026] : M1 vs M0,-2.2425,-6.5184,0.8043,-2.0737,-4.2302,0.7523,-2.2425,-6.5184,0.8043,True,-0.1688,0.1688,-2.2882,2.2882,0.052,-0.052
E12 par période,y_cac_ret,ridge [VIX > 20] : M1 vs M0,-1.3652,-5.5866,0.8336,-0.6392,-3.3056,0.8102,-1.3652,-5.5866,0.8336,True,-0.726,0.726,-2.281,2.281,0.0234,-0.0234
E12 par période,y_cac_ret,ridge [VIX ≤ 20] : M1 vs M0,-1.32,-0.9625,0.2777,-1.4741,-1.8855,0.7198,-1.32,-0.9625,0.2777,True,0.1541,-0.1541,0.923,-0.923,-0.4421,0.4421
E12 par période,y_cac_ret,xgb [2020-2021] : M1 vs M0,-27.7667,-34.5599,0.7401,-27.7667,-34.5599,0.7401,-27.7667,-34.5599,0.7401,False,0.0,0.0,0.0,0.0,0.0,0.0
E12 par période,y_cac_ret,xgb [2022-2026] : M1 vs M0,-35.9328,-20.4188,0.0974,-35.9328,-20.4188,0.0974,-35.9328,-20.4188,0.0974,False,0.0,0.0,0.0,0.0,0.0,0.0
E12 par période,y_cac_ret,xgb [VIX > 20] : M1 vs M0,-36.1164,-22.1611,0.1488,-36.1164,-22.1611,0.1488,-36.1164,-22.1611,0.1488,False,0.0,0.0,0.0,0.0,0.0,0.0
E12 par période,y_cac_ret,xgb [VIX ≤ 20] : M1 vs M0,-26.2434,-34.6936,0.9025,-26.2434,-34.6936,0.9025,-26.2434,-34.6936,0.9025,False,0.0,0.0,0.0,0.0,0.0,0.0
E12 par période,y_d_oat,rf [2020-2021] : M1 vs M0,-0.8803,7.6778,0.2287,-0.8803,7.6778,0.2287,-0.8803,7.6778,0.2287,False,0.0,0.0,0.0,0.0,0.0,0.0
E12 par période,y_d_oat,rf [2022-2026] : M1 vs M0,-7.8297,-9.0429,0.6199,-7.8297,-9.0429,0.6199,-7.8297,-9.0429,0.6199,False,0.0,0.0,0.0,0.0,0.0,0.0
E12 par période,y_d_oat,rf [VIX > 20] : M1 vs M0,1.2261,-2.1738,0.7992,1.2261,-2.1738,0.7992,1.2261,-2.1738,0.7992,False,0.0,0.0,0.0,0.0,0.0,0.0
E12 par période,y_d_oat,rf [VIX ≤ 20] : M1 vs M0,-20.2104,-14.6084,0.2234,-20.2104,-14.6084,0.2234,-20.2104,-14.6084,0.2234,False,0.0,0.0,0.0,0.0,0.0,0.0
E12 par période,y_d_oat,ridge [2020-2021] : M1 vs M0,-13.7179,-15.0976,0.5632,-15.9867,-15.0617,0.4567,-13.7179,-15.0976,0.5632,True,2.2688,-2.2688,-0.0359,0.0359,0.1065,-0.1065
E12 par période,y_d_oat,ridge [2022-2026] : M1 vs M0,-10.9636,-10.7057,0.4727,-11.3574,-10.3088,0.4058,-10.9636,-10.7057,0.4727,True,0.3938,-0.3938,-0.3969,0.3969,0.0669,-0.0669
E12 par période,y_d_oat,ridge [VIX > 20] : M1 vs M0,-8.2092,-12.0364,0.8917,-9.0394,-11.7826,0.7651,-8.2092,-12.0364,0.8917,True,0.8302,-0.8302,-0.2538,0.2538,0.1266,-0.1266
E12 par période,y_d_oat,ridge [VIX ≤ 20] : M1 vs M0,-16.3559,-10.0128,0.2,-16.6675,-9.5042,0.1985,-16.3559,-10.0128,0.2,True,0.3116,-0.3116,-0.5086,0.5086,0.0015,-0.0015
E12 par période,y_d_oat,xgb [2020-2021] : M1 vs M0,-24.3182,-22.4378,0.4561,-24.3182,-22.4378,0.4561,-24.3182,-22.4378,0.4561,False,0.0,0.0,0.0,0.0,0.0,0.0
E12 par période,y_d_oat,xgb [2022-2026] : M1 vs M0,-31.0858,-31.5387,0.5243,-31.0858,-31.5387,0.5243,-31.0858,-31.5387,0.5243,False,0.0,0.0,0.0,0.0,0.0,0.0
E12 par période,y_d_oat,xgb [VIX > 20] : M1 vs M0,-18.8058,-26.7519,0.8075,-18.8058,-26.7519,0.8075,-18.8058,-26.7519,0.8075,False,0.0,0.0,0.0,0.0,0.0,0.0
E12 par période,y_d_oat,xgb [VIX ≤ 20] : M1 vs M0,-48.7619,-36.2693,0.1062,-48.7619,-36.2693,0.1062,-48.7619,-36.2693,0.1062,False,0.0,0.0,0.0,0.0,0.0,0.0
E12 par période,y_d_spread,rf [2020-2021] : M1 vs M0,-3.6569,-7.9396,0.8037,-3.6569,-7.9396,0.8037,-3.6569,-7.9396,0.8037,False,0.0,0.0,0.0,0.0,0.0,0.0
E12 par période,y_d_spread,rf [2022-2026] : M1 vs M0,-8.6215,-8.7381,0.5125,-8.6215,-8.7381,0.5125,-8.6215,-8.7381,0.5125,False,0.0,0.0,0.0,0.0,0.0,0.0
E12 par période,y_d_spread,rf [VIX > 20] : M1 vs M0,-18.0134,-18.714,0.5365,-18.0134,-18.714,0.5365,-18.0134,-18.714,0.5365,False,0.0,0.0,0.0,0.0,0.0,0.0
E12 par période,y_d_spread,rf [VIX ≤ 20] : M1 vs M0,-3.1523,-5.1137,0.7377,-3.1523,-5.1137,0.7377,-3.1523,-5.1137,0.7377,False,0.0,0.0,0.0,0.0,0.0,0.0
E12 par période,y_d_spread,ridge [2020-2021] : M1 vs M0,7.557,-1.3728,0.9571,7.1037,-0.3003,0.9556,7.557,-1.3728,0.9571,True,0.4533,-0.4533,-1.0725,1.0725,0.0015,-0.0015
E12 par période,y_d_spread,ridge [2022-2026] : M1 vs M0,-28.0026,-22.496,0.2302,-27.8925,-23.6899,0.2907,-28.0026,-22.496,0.2302,True,-0.1101,0.1101,1.1939,-1.1939,-0.0605,0.0605
E12 par période,y_d_spread,ridge [VIX > 20] : M1 vs M0,-27.0687,-35.834,0.7828,-26.7968,-35.7056,0.7895,-27.0687,-35.834,0.7828,True,-0.2719,0.2719,-0.1284,0.1284,-0.0067,0.0067
E12 par période,y_d_spread,ridge [VIX ≤ 20] : M1 vs M0,-10.9431,-7.8577,0.2947,-11.1606,-8.3738,0.313,-10.9431,-7.8577,0.2947,True,0.2175,-0.2175,0.5161,-0.5161,-0.0183,0.0183
E12 par période,y_d_spread,xgb [2020-2021] : M1 vs M0,-26.7258,-39.6764,0.7255,-26.7258,-39.6764,0.7255,-26.7258,-39.6764,0.7255,False,0.0,0.0,0.0,0.0,0.0,0.0
E12 par période,y_d_spread,xgb [2022-2026] : M1 vs M0,-40.4794,-24.5102,0.0639,-40.4794,-24.5102,0.0639,-40.4794,-24.5102,0.0639,False,0.0,0.0,0.0,0.0,0.0,0.0
E12 par période,y_d_spread,xgb [VIX > 20] : M1 vs M0,-70.526,-53.9775,0.2596,-70.526,-53.9775,0.2596,-70.526,-53.9775,0.2596,False,0.0,0.0,0.0,0.0,0.0,0.0
E12 par période,y_d_spread,xgb [VIX ≤ 20] : M1 vs M0,-24.0217,-22.3608,0.4395,-24.0217,-22.3608,0.4395,-24.0217,-22.3608,0.4395,False,0.0,0.0,0.0,0.0,0.0,0.0
E13 notations,y_cac_ret,rf : M1 + notations vs M0 + notations,-9.8059,-10.7705,0.6089,-9.8059,-10.7705,0.6089,-9.1367,-11.0694,0.6886,False,0.0,-0.6692,0.0,0.2989,0.0,-0.0797
E13 notations,y_cac_ret,ridge : M1 + notations vs M0 + notations,0.0073,-21.4058,0.9011,-0.3488,-20.1509,0.8822,-0.3945,-16.513,0.8083,True,0.3561,0.0457,-1.2549,-3.6379,0.0189,0.0739
E13 notations,y_cac_ret,xgb : M1 + notations vs M0 + notations,-34.0533,-26.736,0.1963,-34.0533,-26.736,0.1963,-30.2019,-28.2923,0.4096,False,0.0,-3.8514,0.0,1.5563,0.0,-0.2133
E13 notations,y_d_oat,rf : M1 + notations vs M0 + notations,-5.2044,-6.7836,0.6733,-5.2044,-6.7836,0.6733,-2.6632,-5.6049,0.796,False,0.0,-2.5412,0.0,-1.1787,0.0,-0.1227
E13 notations,y_d_oat,ridge : M1 + notations vs M0 + notations,-8.8804,-10.9769,0.785,-9.3623,-10.2479,0.6357,-11.0939,-11.5773,0.5632,True,0.4819,1.7316,-0.729,1.3294,0.1493,0.0725
E13 notations,y_d_oat,xgb : M1 + notations vs M0 + notations,-27.2769,-36.2813,0.8321,-27.2769,-36.2813,0.8321,-21.0253,-30.9128,0.8462,False,0.0,-6.2516,0.0,-5.3685,0.0,-0.0141
E13 notations,y_d_spread,rf : M1 + notations vs M0 + notations,-5.6769,-9.2453,0.827,-5.6769,-9.2453,0.827,-1.5279,-6.9661,0.9248,False,0.0,-4.149,0.0,-2.2792,0.0,-0.0978
E13 notations,y_d_spread,ridge : M1 + notations vs M0 + notations,-8.8189,-8.6374,0.4753,-8.7185,-8.9869,0.5336,-8.1468,-9.4541,0.653,True,-0.1004,-0.5717,0.3495,0.4672,-0.0583,-0.1194
E13 notations,y_d_spread,xgb : M1 + notations vs M0 + notations,-35.4506,-27.4863,0.1947,-35.4506,-27.4863,0.1947,-29.4466,-25.7758,0.3281,False,0.0,-6.004,0.0,-1.7105,0.0,-0.1334
E2 classification,y_cac_ret,logit : M1 vs M0 (perte de Brier),-3.7163,-17.1165,0.939,-3.7163,-17.1165,0.939,-6.6271,-18.5967,0.9113,False,0.0,2.9108,0.0,1.4802,0.0,0.0277
E2 classification,y_cac_ret,rf : M1 vs M0 (perte de Brier),-6.1116,-6.7786,0.5997,-6.1116,-6.7786,0.5997,-5.5265,-6.859,0.698,False,0.0,-0.5851,0.0,0.0804,0.0,-0.0983
E2 classification,y_cac_ret,xgb : M1 vs M0 (perte de Brier),-24.1468,-20.5934,0.2366,-24.1468,-20.5934,0.2366,-23.2782,-23.1494,0.4892,False,0.0,-0.8686,0.0,2.556,0.0,-0.2526
E2 classification,y_d_oat,logit : M1 vs M0 (perte de Brier),-16.1068,-30.1131,0.9802,-16.1068,-30.1131,0.9802,-12.0672,-27.5511,0.9886,False,0.0,-4.0396,0.0,-2.562,0.0,-0.0084
E2 classification,y_d_oat,rf : M1 vs M0 (perte de Brier),2.4853,5.8387,0.1859,2.4853,5.8387,0.1859,5.2016,7.0742,0.2934,False,0.0,-2.7163,0.0,-1.2355,0.0,-0.1075
E2 classification,y_d_oat,xgb : M1 vs M0 (perte de Brier),-4.741,-2.2876,0.3231,-4.741,-2.2876,0.3231,-1.2707,-2.112,0.5655,False,0.0,-3.4703,0.0,-0.1756,0.0,-0.2424
E2 classification,y_d_spread,logit : M1 vs M0 (perte de Brier),-24.4416,-25.6023,0.5487,-24.4416,-25.6023,0.5487,-22.0141,-22.1229,0.5046,False,0.0,-2.4275,0.0,-3.4794,0.0,0.0441
E2 classification,y_d_spread,rf : M1 vs M0 (perte de Brier),-2.3699,0.5117,0.2573,-2.3699,0.5117,0.2573,-0.6553,1.0396,0.3494,False,0.0,-1.7146,0.0,-0.5279,0.0,-0.0921
E2 classification,y_d_spread,xgb : M1 vs M0 (perte de Brier),-12.905,-7.4529,0.236,-12.905,-7.4529,0.236,-9.6185,-3.9794,0.2344,False,0.0,-3.2865,0.0,-3.4735,0.0,0.0016
E3 volatilité,y_cac_ret,rf : M1 vs M0,9.6182,6.3943,0.8758,9.6182,6.3943,0.8758,9.2785,6.8261,0.8243,False,0.0,0.3397,0.0,-0.4318,0.0,0.0515
E3 volatilité,y_cac_ret,ridge : M1 vs M0,-1.3181,-3.412,0.7833,-0.6451,-3.1901,0.8351,-0.6388,-3.3656,0.851,True,-0.673,-0.0063,-0.2219,0.1755,-0.0518,-0.0159
E3 volatilité,y_cac_ret,xgb : M1 vs M0,3.8099,0.3597,0.6771,3.8099,0.3597,0.6771,2.4108,2.685,0.4814,False,0.0,1.3991,0.0,-2.3253,0.0,0.1957
E3 volatilité,y_d_oat,rf : M1 vs M0,2.8034,4.1793,0.3461,2.8034,4.1793,0.3461,3.1156,4.45,0.3509,False,0.0,-0.3122,0.0,-0.2707,0.0,-0.0048
E3 volatilité,y_d_oat,ridge : M1 vs M0,3.2581,2.022,0.71,3.4145,2.2395,0.667,2.654,2.1615,0.5696,True,-0.1564,0.7605,-0.2175,0.078,0.043,0.0974
E3 volatilité,y_d_oat,xgb : M1 vs M0,-7.0192,-6.4533,0.4658,-7.0192,-6.4533,0.4658,-11.968,-2.0294,0.0931,False,0.0,4.9488,0.0,-4.4239,0.0,0.3727
E3 volatilité,y_d_spread,rf : M1 vs M0,-17.92,-14.0339,0.157,-17.92,-14.0339,0.157,-17.0394,-14.1106,0.2162,False,0.0,-0.8806,0.0,0.0767,0.0,-0.0592
E3 volatilité,y_d_spread,ridge : M1 vs M0,-4.3499,-7.7435,0.9368,-5.1464,-8.9652,0.9427,-5.1257,-9.8375,0.9384,True,0.7965,-0.0207,1.2217,0.8723,-0.0059,0.0043
E3 volatilité,y_d_spread,xgb : M1 vs M0,-51.3902,-37.6282,0.1179,-51.3902,-37.6282,0.1179,-46.6083,-36.5728,0.1925,False,0.0,-4.7819,0.0,-1.0554,0.0,-0.0746
E4 surprise,y_cac_ret,rf : M0 + surprise vs M0,-9.4901,-11.6158,0.9253,-9.4901,-11.6158,0.9253,-8.3017,-10.8373,0.9016,False,0.0,-1.1884,0.0,-0.7785,0.0,0.0237
E4 surprise,y_cac_ret,rf : M1 + surprise vs M0,-9.4901,-10.247,0.5828,-9.4901,-10.247,0.5828,-8.3017,-9.9488,0.6608,False,0.0,-1.1884,0.0,-0.2982,0.0,-0.078
E4 surprise,y_cac_ret,ridge : M0 + surprise vs M0,-1.4488,-0.3565,0.208,-1.0846,-0.6794,0.3635,-0.3427,-0.7347,0.7198,True,-0.3642,-0.7419,0.3229,0.0553,-0.1555,-0.3563
E4 surprise,y_cac_ret,ridge : M1 + surprise vs M0,-1.4488,-2.0636,0.6555,-1.0846,-1.8989,0.6873,-0.3427,-1.9962,0.866,True,-0.3642,-0.7419,-0.1647,0.0973,-0.0318,-0.1787
E4 surprise,y_cac_ret,xgb : M0 + surprise vs M0,-31.5529,-35.5701,0.8713,-31.5529,-35.5701,0.8713,-35.5798,-34.3892,0.4092,False,0.0,4.0269,0.0,-1.1809,0.0,0.4621
E4 surprise,y_cac_ret,xgb : M1 + surprise vs M0,-31.5529,-30.6016,0.446,-31.5529,-30.6016,0.446,-35.5798,-27.2801,0.1724,False,0.0,4.0269,0.0,-3.3215,0.0,0.2736
E4 surprise,y_d_oat,rf : M0 + surprise vs M0,-7.0893,-7.2437,0.5412,-7.0893,-7.2437,0.5412,-5.0156,-4.6671,0.3932,False,0.0,-2.0737,0.0,-2.5766,0.0,0.148
E4 surprise,y_d_oat,rf : M1 + surprise vs M0,-7.0893,-8.4759,0.6337,-7.0893,-8.4759,0.6337,-5.0156,-7.2589,0.7155,False,0.0,-2.0737,0.0,-1.217,0.0,-0.0818
E4 surprise,y_d_oat,ridge : M0 + surprise vs M0,-11.928,-14.1807,0.9432,-12.5841,-14.2383,0.8207,-12.4858,-15.5323,0.9378,True,0.6561,-0.0983,0.0576,1.294,0.1225,-0.1171
E4 surprise,y_d_oat,ridge : M1 + surprise vs M0,-11.928,-11.9531,0.5024,-12.5841,-13.0113,0.5365,-12.4858,-17.2695,0.8247,True,0.6561,-0.0983,1.0582,4.2582,-0.0341,-0.2882
E4 surprise,y_d_oat,xgb : M0 + surprise vs M0,-29.5958,-30.6646,0.584,-29.5958,-30.6646,0.584,-21.2583,-24.967,0.7959,False,0.0,-8.3375,0.0,-5.6976,0.0,-0.2119
E4 surprise,y_d_oat,xgb : M1 + surprise vs M0,-29.5958,-35.2398,0.7593,-29.5958,-35.2398,0.7593,-21.2583,-26.4665,0.7516,False,0.0,-8.3375,0.0,-8.7733,0.0,0.0077
E4 surprise,y_d_spread,rf : M0 + surprise vs M0,-6.0012,-11.1348,0.9281,-6.0012,-11.1348,0.9281,-2.6965,-7.7788,0.9468,False,0.0,-3.3047,0.0,-3.356,0.0,-0.0187
E4 surprise,y_d_spread,rf : M1 + surprise vs M0,-6.0012,-12.3538,0.9009,-6.0012,-12.3538,0.9009,-2.6965,-9.2754,0.9183,False,0.0,-3.3047,0.0,-3.0784,0.0,-0.0174
E4 surprise,y_d_spread,ridge : M0 + surprise vs M0,-13.5367,-16.431,0.7912,-13.8605,-17.0502,0.802,-14.1845,-16.2468,0.6855,True,0.3238,0.324,0.6192,-0.8034,-0.0108,0.1165
E4 surprise,y_d_spread,ridge : M1 + surprise vs M0,-13.5367,-16.1525,0.6498,-13.8605,-16.7618,0.6674,-14.1845,-16.2907,0.6239,True,0.3238,0.324,0.6093,-0.4711,-0.0176,0.0435
E4 surprise,y_d_spread,xgb : M0 + surprise vs M0,-33.953,-51.0337,0.9418,-33.953,-51.0337,0.9418,-26.5768,-48.9622,0.9842,False,0.0,-7.3762,0.0,-2.0715,0.0,-0.0424
E4 surprise,y_d_spread,xgb : M1 + surprise vs M0,-33.953,-39.273,0.6621,-33.953,-39.273,0.6621,-26.5768,-30.2634,0.6384,False,0.0,-7.3762,0.0,-9.0096,0.0,0.0237
E5 régime,y_cac_ret,ridge : M1 + interactions régime vs M0 + régime,-4.7972,-13.7429,0.9563,-3.6537,-10.7589,0.9159,-2.5776,-10.2756,0.9346,True,-1.1435,-1.0761,-2.984,-0.4833,0.0404,-0.0187
E5 régime,y_d_oat,ridge : M1 + interactions régime vs M0 + régime,-12.2483,-18.958,0.9136,-12.8493,-18.5122,0.8654,-12.3021,-22.8537,0.952,True,0.601,-0.5472,-0.4458,4.3415,0.0482,-0.0866
E5 régime,y_d_spread,ridge : M1 + interactions régime vs M0 + régime,-14.0001,-29.5377,0.8306,-14.3549,-29.8794,0.8239,-15.0515,-32.4065,0.8261,True,0.3548,0.6966,0.3417,2.5271,0.0067,-0.0022
E6 réduit,y_cac_ret,rf : réduit + 2 CP des dépenses vs réduit,-8.8839,-6.5786,0.1952,-8.8839,-6.5786,0.1952,-8.0917,-5.6323,0.1323,False,0.0,-0.7922,0.0,-0.9463,0.0,0.0629
E6 réduit,y_cac_ret,rf : réduit + 2 dépenses vs réduit,-8.8839,-8.2002,0.4185,-8.8839,-8.2002,0.4185,-8.0917,-7.7211,0.453,False,0.0,-0.7922,0.0,-0.4791,0.0,-0.0345
E6 réduit,y_cac_ret,ridge : réduit + 2 CP des dépenses vs réduit,-3.6404,-2.5619,0.2235,-2.9815,-2.1395,0.2344,-2.4268,-2.0649,0.3219,True,-0.6589,-0.5547,-0.4224,-0.0746,-0.0109,-0.0875
E6 réduit,y_cac_ret,ridge : réduit + 2 dépenses vs réduit,-3.6404,-2.641,0.1613,-2.9815,-2.6173,0.3223,-2.4268,-2.8835,0.6718,True,-0.6589,-0.5547,-0.0237,0.2662,-0.161,-0.3495
E6 réduit,y_cac_ret,xgb : réduit + 2 CP des dépenses vs réduit,-34.747,-30.8871,0.2706,-34.747,-30.8871,0.2706,-37.8696,-32.5397,0.2174,False,0.0,3.1226,0.0,1.6526,0.0,0.0532
E6 réduit,y_cac_ret,xgb : réduit + 2 dépenses vs réduit,-34.747,-31.5244,0.3513,-34.747,-31.5244,0.3513,-37.8696,-32.357,0.2398,False,0.0,3.1226,0.0,0.8326,0.0,0.1115
E6 réduit,y_d_oat,rf : réduit + 2 CP des dépenses vs réduit,-5.7153,-9.9774,0.8758,-5.7153,-9.9774,0.8758,-3.1187,-7.3392,0.8698,False,0.0,-2.5966,0.0,-2.6382,0.0,0.006
E6 réduit,y_d_oat,rf : réduit + 2 dépenses vs réduit,-5.7153,-8.9203,0.8364,-5.7153,-8.9203,0.8364,-3.1187,-7.2199,0.8772,False,0.0,-2.5966,0.0,-1.7004,0.0,-0.0408
E6 réduit,y_d_oat,ridge : réduit + 2 CP des dépenses vs réduit,-6.1421,-6.3194,0.5387,-6.1332,-5.3526,0.3577,-5.2002,-5.5455,0.5829,True,-0.0089,-0.933,-0.9668,0.1929,0.181,-0.2252
E6 réduit,y_d_oat,ridge : réduit + 2 dépenses vs réduit,-6.1421,-4.5644,0.3206,-6.1332,-4.787,0.3348,-5.2002,-4.701,0.4362,True,-0.0089,-0.933,0.2226,-0.086,-0.0142,-0.1014
E6 réduit,y_d_oat,xgb : réduit + 2 CP des dépenses vs réduit,-24.5653,-32.7654,0.805,-24.5653,-32.7654,0.805,-24.6853,-30.9312,0.7675,False,0.0,0.12,0.0,-1.8342,0.0,0.0375
E6 réduit,y_d_oat,xgb : réduit + 2 dépenses vs réduit,-24.5653,-34.5385,0.924,-24.5653,-34.5385,0.924,-24.6853,-33.7277,0.889,False,0.0,0.12,0.0,-0.8108,0.0,0.035
E6 réduit,y_d_spread,rf : réduit + 2 CP des dépenses vs réduit,-11.1619,-14.8701,0.8738,-11.1619,-14.8701,0.8738,-6.1791,-11.0366,0.8923,False,0.0,-4.9828,0.0,-3.8335,0.0,-0.0185
E6 réduit,y_d_spread,rf : réduit + 2 dépenses vs réduit,-11.1619,-13.4735,0.747,-11.1619,-13.4735,0.747,-6.1791,-8.8186,0.8112,False,0.0,-4.9828,0.0,-4.6549,0.0,-0.0642
E6 réduit,y_d_spread,ridge : réduit + 2 CP des dépenses vs réduit,-5.2946,-5.1813,0.4623,-5.3494,-4.7755,0.3096,-4.1141,-3.9918,0.4603,True,0.0548,-1.2353,-0.4058,-0.7837,0.1527,-0.1507
E6 réduit,y_d_spread,ridge : réduit + 2 dépenses vs réduit,-5.2946,-4.6895,0.3215,-5.3494,-5.3897,0.5229,-4.1141,-4.7973,0.8474,True,0.0548,-1.2353,0.7002,-0.5924,-0.2014,-0.3245
E6 réduit,y_d_spread,xgb : réduit + 2 CP des dépenses vs réduit,-37.3784,-40.3492,0.6185,-37.3784,-40.3492,0.6185,-23.1365,-27.6369,0.7041,False,0.0,-14.2419,0.0,-12.7123,0.0,-0.0856
E6 réduit,y_d_spread,xgb : réduit + 2 dépenses vs réduit,-37.3784,-41.9184,0.6501,-37.3784,-41.9184,0.6501,-23.1365,-33.181,0.8405,False,0.0,-14.2419,0.0,-8.7374,0.0,-0.1904
E7 tempérée,y_cac_ret,rf 50/50 avec la moyenne : M1 vs M0,-3.7494,-4.3562,0.6246,-3.7494,-4.3562,0.6246,-3.7494,-4.3562,0.6246,False,0.0,0.0,0.0,0.0,0.0,0.0
E7 tempérée,y_cac_ret,ridge 50/50 avec la moyenne : M1 vs M0,-0.627,-1.65,0.8198,-0.4481,-1.2135,0.8308,-0.627,-1.65,0.8198,True,-0.1789,0.1789,-0.4365,0.4365,-0.011,0.011
E7 tempérée,y_cac_ret,xgb 50/50 avec la moyenne : M1 vs M0,-10.3743,-9.071,0.3625,-10.3743,-9.071,0.3625,-10.3743,-9.071,0.3625,False,0.0,0.0,0.0,0.0,0.0,0.0
E7 tempérée,y_d_oat,rf 50/50 avec la moyenne : M1 vs M0,-0.0214,0.0672,0.481,-0.0214,0.0672,0.481,-0.0214,0.0672,0.481,False,0.0,0.0,0.0,0.0,0.0,0.0
E7 tempérée,y_d_oat,ridge 50/50 avec la moyenne : M1 vs M0,-2.5448,-2.7145,0.5392,-2.7464,-2.634,0.4771,-2.5448,-2.7145,0.5392,True,0.2016,-0.2016,-0.0805,0.0805,0.0621,-0.0621
E7 tempérée,y_d_oat,xgb 50/50 avec la moyenne : M1 vs M0,-5.7055,-6.1307,0.5566,-5.7055,-6.1307,0.5566,-5.7055,-6.1307,0.5566,False,0.0,0.0,0.0,0.0,0.0,0.0
E7 tempérée,y_d_spread,rf 50/50 avec la moyenne : M1 vs M0,-1.4692,-2.8266,0.8246,-1.4692,-2.8266,0.8246,-1.4692,-2.8266,0.8246,False,0.0,0.0,0.0,0.0,0.0,0.0
E7 tempérée,y_d_spread,ridge 50/50 avec la moyenne : M1 vs M0,-2.6371,-4.0044,0.716,-2.7517,-4.1061,0.7147,-2.6371,-4.0044,0.716,True,0.1146,-0.1146,0.1017,-0.1017,0.0013,-0.0013
E7 tempérée,y_d_spread,xgb 50/50 avec la moyenne : M1 vs M0,-10.5166,-9.6298,0.4251,-10.5166,-9.6298,0.4251,-10.5166,-9.6298,0.4251,False,0.0,0.0,0.0,0.0,0.0,0.0
E8 combinaison,y_cac_ret,combinaison tempérée 50/50 : M1 vs M0,-3.9255,-4.1655,0.5559,-3.8867,-4.0663,0.5393,-3.9255,-4.1655,0.5559,True,-0.0388,0.0388,-0.0992,0.0992,0.0166,-0.0166
E8 combinaison,y_cac_ret,moyenne Ridge/RF/XGB : M1 vs M0,-10.2476,-10.5925,0.54,-10.2217,-10.4994,0.5301,-10.2476,-10.5925,0.54,True,-0.0259,0.0259,-0.0931,0.0931,0.0099,-0.0099
E8 combinaison,y_d_oat,combinaison tempérée 50/50 : M1 vs M0,-1.7886,-2.0438,0.556,-1.8312,-2.0129,0.5398,-1.7886,-2.0438,0.556,True,0.0426,-0.0426,-0.0309,0.0309,0.0162,-0.0162
E8 combinaison,y_d_oat,moyenne Ridge/RF/XGB : M1 vs M0,-12.2865,-12.6571,0.5403,-12.3992,-12.5237,0.5137,-12.2865,-12.6571,0.5403,True,0.1127,-0.1127,-0.1334,0.1334,0.0266,-0.0266
E8 combinaison,y_d_spread,combinaison tempérée 50/50 : M1 vs M0,-3.4556,-4.2891,0.6382,-3.5058,-4.3184,0.6344,-3.4556,-4.2891,0.6382,True,0.0502,-0.0502,0.0293,-0.0293,0.0038,-0.0038
E8 combinaison,y_d_spread,moyenne Ridge/RF/XGB : M1 vs M0,-13.3555,-12.9598,0.4682,-13.4361,-13.0608,0.4698,-13.3555,-12.9598,0.4682,True,0.0806,-0.0806,0.101,-0.101,-0.0016,0.0016
E9 Elastic Net,y_cac_ret,enet : M1 vs M0,-0.3306,-3.8012,0.922,-0.3306,-3.8012,0.922,0.2635,-3.2578,0.9217,False,0.0,-0.5941,0.0,-0.5434,0.0,0.0003
E9 Elastic Net,y_d_oat,enet : M1 vs M0,-6.7141,-7.646,0.6314,-6.7141,-7.646,0.6314,-5.8565,-6.8949,0.6293,False,0.0,-0.8576,0.0,-0.7511,0.0,0.0021
E9 Elastic Net,y_d_spread,enet : M1 vs M0,-2.7106,-4.9321,0.815,-2.7106,-4.9321,0.815,-1.9627,-3.5712,0.7147,False,0.0,-0.7479,0.0,-1.3609,0.0,0.1003
