mois,surprise_exec_solde,surprise_exec_dep,rating_crans_moyen,degradations_12m
2014-03,-5.149902024004456,0.2251516895448411,1.3333333333333333,2.0
2014-04,-12.423127132282048,-0.12336664254705099,1.3333333333333333,2.0
2014-05,-15.861601343791364,-0.8783755579106938,1.3333333333333333,2.0
2014-06,-29.446729772373317,-1.298433433840657,1.3333333333333333,2.0
2014-07,-38.666193533576134,-1.0393596268877516,1.3333333333333333,1.0
2014-08,-23.246947849918598,-1.4365199431623736,1.3333333333333333,1.0
2014-09,-27.860043535203545,-1.5884900274232692,1.3333333333333333,1.0
2014-10,-36.29747953173708,-1.994497815422676,1.3333333333333333,1.0
2014-11,-32.23294239097315,-2.047455548730639,1.3333333333333333,0.0
2014-12,-35.50423798819101,-3.1385017280044423,1.6666666666666667,1.0
2015-01,-29.587913201715963,-3.1899899723520093,1.6666666666666667,1.0
2015-02,-16.540799940743668,-0.5712749268919595,1.6666666666666667,1.0
2015-03,-2.790069899597947,-0.09977454730718982,1.6666666666666667,1.0
2015-04,0.40722877641441,0.5511965037205719,1.6666666666666667,1.0
2015-05,1.3912050957902053,0.8724176718553203,1.6666666666666667,1.0
2015-06,2.6915105465500204,0.2304186834537063,1.6666666666666667,1.0
2015-07,8.002062597510985,1.488655977210918,1.6666666666666667,1.0
2015-08,6.657536232283363,2.2395586060462946,1.6666666666666667,1.0
2015-09,5.394290843905196,1.3970472047457676,2.0,2.0
2015-10,6.5330106760389555,1.6465089194771423,2.0,2.0
2015-11,2.667628315818547,2.373321414322106,2.0,2.0
2015-12,-0.19922230622195514,2.6202637851055357,2.0,1.0
2016-01,1.2178008957373976,2.8182518848516906,2.0,1.0
2016-02,-8.843703883267395,2.646436000640932,2.0,1.0
2016-03,0.051994345392142094,0.3705511989077177,2.0,1.0
2016-04,3.8778345403313317,-0.9543897127143275,2.0,1.0
2016-05,2.699525616156315,-0.8278115534037234,2.0,1.0
2016-06,-2.301967513741417,-1.338990949692473,2.0,1.0
2016-07,4.930190457667891,-1.1210010786931122,2.0,1.0
2016-08,6.8839657894413335,-0.44419852432893947,2.0,1.0
2016-09,4.59540343040652,-1.114846632729538,2.0,0.0
2016-10,12.389684978941702,-0.059506065204914194,2.0,0.0
2016-11,14.681721840326105,-0.9038412045952526,2.0,0.0
2016-12,15.936920045143637,-0.9510063353616403,2.0,0.0
2017-01,17.871293073595226,-0.5273012376201933,2.0,0.0
2017-02,0.7593762287820596,-0.3571995222386022,2.0,0.0
2017-03,-4.894564916901739,-0.04700732733516233,2.0,0.0
2017-04,-4.405201877682053,0.5687605264765061,2.0,0.0
2017-05,4.632679114602695,0.7735374855041819,2.0,0.0
2017-06,5.469941618154081,0.4167756331957264,2.0,0.0
2017-07,5.027958898736173,0.3276723483608208,2.0,0.0
2017-08,4.343463872226536,1.794704506057407,2.0,0.0
2017-09,9.130385319975517,1.6179052050347735,2.0,0.0
2017-10,1.3168270798352921,2.008038074022494,2.0,0.0
2017-11,-4.807250751578437,2.2397025996313147,2.0,0.0
2017-12,-7.039194968702844,1.8721899285513217,2.0,0.0
2018-01,-6.828228631959419,1.7315493902481336,2.0,0.0
2018-02,2.10225500972615,1.093060325929386,2.0,0.0
2018-03,4.769363355082643,-0.025668162623318835,2.0,0.0
2018-04,2.26476504240604,-0.26526858019495236,2.0,0.0
2018-05,-4.067094680288193,-0.5353042680751301,2.0,0.0
2018-06,-20.13643585239801,-1.1560423212410385,2.0,0.0
2018-07,-31.57457166164417,-0.937164816848572,2.0,0.0
2018-08,-21.109031418094673,-1.3959434190071676,2.0,0.0
2018-09,-24.353771761975054,-0.1829106184244793,2.0,0.0
2018-10,-20.590317267993115,-0.9454358643545646,2.0,0.0
2018-11,-8.301536325589282,-0.5457912941896979,2.0,0.0
2018-12,-9.747073929522855,-0.5742439748792094,2.0,0.0
2019-01,-10.616913079968967,-0.13423745875098803,2.0,0.0
2019-02,-8.905101839791229,-1.531624135116644,2.0,0.0
2019-03,3.91564960022545,-0.7539746631802426,2.0,0.0
2019-04,1.0263921349881215,-0.6407053460170324,2.0,0.0
2019-05,-0.7778976851732722,-0.3328363853986467,2.0,0.0
2019-06,-1.003032805145132,-0.25268111913478464,2.0,0.0
2019-07,13.633000030337087,0.7133495453968379,2.0,0.0
2019-08,3.113656951701657,-0.22942857687254303,2.0,0.0
2019-09,5.321679030599398,-0.36079164112309314,2.0,0.0
2019-10,0.7922876644306882,0.6604732443541508,2.0,0.0
2019-11,-0.47549232114577933,0.04259381693270825,2.0,0.0
2019-12,-1.5287760662087635,-0.1362476561700845,2.0,0.0
2020-01,-5.828874210685385,-0.8332849044069945,2.0,0.0
2020-02,-2.6342644946909246,-0.032456513722650016,2.0,0.0
2020-03,4.966919850992603,0.3511965667607697,2.0,0.0
2020-04,3.532810760633467,0.16929239107125227,2.0,0.0
2020-05,18.569195198694096,2.4597343568750425,2.0,0.0
2020-06,36.492998610187506,3.6891034313853552,2.0,0.0
2020-07,48.62501656267965,4.484507443558208,2.0,0.0
2020-08,62.261982629512076,6.431287541948322,2.0,0.0
2020-09,60.252042375216604,6.1384521125848295,2.0,0.0
2020-10,63.53908796471664,6.956607550547247,2.0,0.0
2020-11,72.26301588490104,7.936936499851015,2.0,0.0
2020-12,71.63914772500078,8.054963177122644,2.0,0.0
2021-01,84.08014108025152,11.096073200270197,2.0,0.0
2021-02,105.11919169161793,14.36783373486098,2.0,0.0
2021-03,-8.827759563275986,-0.1231046950872372,2.0,0.0
2021-04,-10.418358379460802,0.4441259240472206,2.0,0.0
2021-05,-21.718067634345253,-0.08349243695832698,2.0,0.0
2021-06,-46.20478635662862,-1.6408398362541305,2.0,0.0
2021-07,-58.01124648303315,-1.0930597170066818,2.0,0.0
2021-08,-58.344375362466536,-0.5324773174533988,2.0,0.0
2021-09,-66.03641246204974,0.07717325126510843,2.0,0.0
2021-10,-75.18559873519366,-0.21819316699313163,2.0,0.0
2021-11,-72.47546466013188,-1.3432603715746296,2.0,0.0
2021-12,-72.62843171765184,-2.0943272307672487,2.0,0.0
2022-01,-85.45535215530826,-3.993198429635356,2.0,0.0
2022-02,-92.69522214730908,-4.532175196118317,2.0,0.0
2022-03,-2.2557710919903915,-0.7098020153471829,2.0,0.0
2022-04,-2.9237208307894242,-1.5579306848520673,2.0,0.0
2022-05,-9.735338901967808,-1.2676168741566443,2.0,0.0
2022-06,-8.947533197168461,-2.544747722741853,2.0,0.0
2022-07,-15.045403843965772,-3.6488523862785485,2.0,0.0
2022-08,-26.280880534205494,-5.694788373890404,2.0,0.0
2022-09,-10.83480126948507,-1.9745719059414455,2.0,0.0
2022-10,-5.271814181194415,-2.5960418746927445,2.0,0.0
2022-11,-5.719701766657195,-1.1858909577844088,2.0,0.0
2022-12,-5.908595809780408,1.1806845257324454,2.0,0.0
2023-01,-0.8617279973621947,1.6510867042060937,2.0,0.0
2023-02,-0.05277839024809339,2.860751148198432,2.0,0.0
2023-03,2.4690687574009313,-0.14633231814488035,2.0,0.0
2023-04,6.0517217398436,-0.6495471495006537,2.3333333333333335,1.0
2023-05,8.259641675921927,-1.3711216908875805,2.3333333333333335,1.0
2023-06,6.98955795036796,-1.687417743953894,2.3333333333333335,1.0
2023-07,11.525610383641379,-1.816316330866897,2.3333333333333335,1.0
2023-08,20.981299980282827,-2.371898963978488,2.3333333333333335,1.0
2023-09,17.16169932849607,-5.095664231065797,2.3333333333333335,1.0
2023-10,16.50164989979409,-5.456995689070425,2.3333333333333335,1.0
2023-11,17.539582797176607,-6.389422432166413,2.3333333333333335,1.0
2023-12,14.64359997662315,-9.986883520060985,2.3333333333333335,1.0
2024-01,16.45787486397154,-10.581380659303633,2.3333333333333335,1.0
2024-02,6.42576233914032,-12.700380578605248,2.3333333333333335,1.0
2024-03,4.7022106230548,0.9656498625218983,2.3333333333333335,1.0
2024-04,-0.5357825549572688,0.36779840764307004,2.3333333333333335,0.0
2024-05,2.7531861294108637,-0.3392640866947545,2.6666666666666665,1.0
2024-06,11.579002394787757,-2.782432098853146,2.6666666666666665,1.0
2024-07,12.255146275805558,1.873363714204828,2.6666666666666665,1.0
2024-08,-0.0016177845110973976,1.5271351009522576,2.6666666666666665,1.0
2024-09,4.356981166874249,0.47636084874199014,2.6666666666666665,1.0
2024-10,3.0839828171018553,0.1937312642695872,2.6666666666666665,1.0
2024-11,5.459590122121938,0.7373038305814958,2.6666666666666665,1.0
2024-12,-0.5966385263683947,-0.37095681500315436,3.0,2.0
2025-01,-2.6033198192771465,-1.0640420001099073,3.0,2.0
2025-02,1.2789887741060824,-1.563164860464596,3.0,2.0
2025-03,-5.084534866750438,-1.27359028101269,3.0,2.0
2025-04,-0.9818650717518373,0.7214470478313935,3.0,2.0
2025-05,-2.0990020453247453,0.34085779128095695,3.0,1.0
2025-06,-12.472059867932053,1.498894186793887,3.0,1.0
2025-07,-9.655905742970276,-1.1327006180639145,3.0,1.0
2025-08,1.7923366004625478,0.2692794136361911,3.0,1.0
2025-09,-4.631291859087042,-0.13727921317254754,3.3333333333333335,2.0
2025-10,-3.752502978156656,0.24260379659826015,3.6666666666666665,3.0
2025-11,-6.5044722392566285,0.47862444078131716,3.6666666666666665,3.0
2025-12,-9.179324771093434,0.67724408981816,3.6666666666666665,2.0
2026-01,-5.61767506054602,2.5180558753001634,3.6666666666666665,2.0
2026-02,-16.793936044141617,1.08578072044358,3.6666666666666665,2.0
2026-03,,,3.6666666666666665,2.0
2026-04,,,3.6666666666666665,2.0
2026-05,,,3.6666666666666665,2.0
2026-06,,,3.6666666666666665,2.0
2026-07,,,3.6666666666666665,2.0
2026-08,,,3.6666666666666665,2.0
