date,FR,DE,IT,ES,PT,BE
1955-01-01,,,,,,4.55
1955-02-01,,,,,,4.53
1955-03-01,,,,,,4.54
1955-04-01,,,,,,4.58
1955-05-01,,,,,,4.54
1955-06-01,,,,,,4.54
1955-07-01,,,,,,4.6
1955-08-01,,,,,,4.72
1955-09-01,,,,,,4.73
1955-10-01,,,,,,4.73
1955-11-01,,,,,,4.68
1955-12-01,,,,,,4.63
1956-01-01,,,,,,4.63
1956-02-01,,,,,,4.6
1956-03-01,,,,,,4.56
1956-04-01,,,,,,4.54
1956-05-01,,6.4,,,,4.54
1956-06-01,,6.8,,,,4.58
1956-07-01,,6.8,,,,4.6
1956-08-01,,6.8,,,,4.66
1956-09-01,,7.0,,,,4.85
1956-10-01,,7.0,,,,4.95
1956-11-01,,7.2,,,,5.06
1956-12-01,,7.3,,,,5.54
1957-01-01,,7.3,,,,5.41
1957-02-01,,7.4,,,,5.3
1957-03-01,,7.5,,,,5.62
1957-04-01,,7.4,,,,5.66
1957-05-01,,7.4,,,,5.8
1957-06-01,,7.4,,,,5.82
1957-07-01,,7.5,,,,6.41
1957-08-01,,7.6,,,,6.44
1957-09-01,,7.6,,,,6.47
1957-10-01,,7.7,,,,6.85
1957-11-01,,7.7,,,,6.53
1957-12-01,,7.7,,,,6.47
1958-01-01,,7.5,,,,6.33
1958-02-01,,7.5,,,,6.06
1958-03-01,,7.4,,,,5.64
1958-04-01,,7.4,,,,5.75
1958-05-01,,7.3,,,,5.73
1958-06-01,,7.1,,,,5.29
1958-07-01,,6.7,,,,5.06
1958-08-01,,6.5,,,,5.02
1958-09-01,,6.2,,,,5.18
1958-10-01,,6.0,,,,5.04
1958-11-01,,5.9,,,,4.98
1958-12-01,,5.9,,,,4.85
1959-01-01,,5.8,,,,4.9
1959-02-01,,5.6,,,,4.87
1959-03-01,,5.6,,,,4.88
1959-04-01,,5.6,,,,4.95
1959-05-01,,5.7,,,,4.97
1959-06-01,,5.7,,,,5.04
1959-07-01,,5.6,,,,5.04
1959-08-01,,5.5,,,,5.04
1959-09-01,,5.8,,,,5.18
1959-10-01,,6.0,,,,5.06
1959-11-01,,6.1,,,,5.11
1959-12-01,,6.2,,,,5.21
1960-01-01,5.82,6.5,,,,5.32
1960-02-01,5.8,6.4,,,,5.31
1960-03-01,5.76,6.4,,,,5.23
1960-04-01,5.81,6.4,,,,5.26
1960-05-01,5.74,6.4,,,,5.28
1960-06-01,5.73,6.6,,,,5.29
1960-07-01,5.68,6.7,,,,5.79
1960-08-01,5.51,6.5,,,,5.74
1960-09-01,5.54,6.5,,,,5.71
1960-10-01,5.56,6.3,,,,5.73
1960-11-01,5.52,6.2,,,,5.85
1960-12-01,5.49,6.2,,,,6.07
1961-01-01,5.55,6.1,,,,6.0
1961-02-01,5.64,6.0,,,,6.0
1961-03-01,5.59,5.9,,,,5.9
1961-04-01,5.5,5.7,,,,5.94
1961-05-01,5.51,5.6,,,,5.9
1961-06-01,5.47,5.6,,,,5.93
1961-07-01,5.45,5.7,,,,5.89
1961-08-01,5.43,5.9,,,,5.85
1961-09-01,5.45,6.0,,,,5.81
1961-10-01,5.53,6.0,,,,5.79
1961-11-01,5.55,6.0,,,,5.71
1961-12-01,5.56,6.0,,,,5.74
1962-01-01,5.52,5.9,,,,5.58
1962-02-01,5.62,5.7,,,,5.47
1962-03-01,5.62,5.6,,,,5.37
1962-04-01,5.48,5.6,,,,5.28
1962-05-01,5.53,5.8,,,,5.2
1962-06-01,5.4,5.9,,,,5.21
1962-07-01,5.32,5.9,,,,5.06
1962-08-01,5.33,6.0,,,,4.96
1962-09-01,5.37,6.0,,,,4.95
1962-10-01,5.34,6.2,,,,5.01
1962-11-01,5.37,6.2,,,,5.08
1962-12-01,5.31,6.1,,,,4.96
1963-01-01,5.34,6.0,,,,4.71
1963-02-01,5.36,6.0,,,,4.64
1963-03-01,5.36,6.0,,,,4.9
1963-04-01,5.29,6.0,,,,4.91
1963-05-01,5.36,6.1,,,,4.94
1963-06-01,5.28,6.1,,,,5.03
1963-07-01,5.24,6.1,,,,5.03
1963-08-01,5.28,6.1,,,,5.56
1963-09-01,5.37,6.1,,,,5.82
1963-10-01,5.41,6.1,,,,5.89
1963-11-01,5.41,6.0,,,,5.98
1963-12-01,5.36,6.0,,,,5.98
1964-01-01,5.45,5.9,,,,6.38
1964-02-01,5.44,5.9,,,,6.47
1964-03-01,5.42,6.0,,,,6.42
1964-04-01,5.46,6.2,,,,6.45
1964-05-01,5.49,6.3,,,,6.45
1964-06-01,5.47,6.3,,,,6.42
1964-07-01,5.4,6.3,,,,6.54
1964-08-01,5.4,6.3,,,,6.44
1964-09-01,5.46,6.4,,,,6.45
1964-10-01,5.5,6.4,,,,6.48
1964-11-01,5.45,6.4,,,,6.49
1964-12-01,5.45,6.4,,,,6.43
1965-01-01,5.44,6.4,,,,6.46
1965-02-01,6.31,6.5,,,,6.4
1965-03-01,6.31,6.5,,,,6.39
1965-04-01,6.32,6.6,,,,6.44
1965-05-01,6.28,6.9,,,,6.45
1965-06-01,6.27,7.1,,,,6.49
1965-07-01,6.15,7.2,,,,6.34
1965-08-01,6.16,7.3,,,,6.39
1965-09-01,6.22,7.4,,,,6.45
1965-10-01,6.34,7.5,,,,6.5
1965-11-01,6.35,7.5,,,,6.5
1965-12-01,6.28,7.7,,,,6.45
1966-01-01,6.32,7.6,,,,6.5
1966-02-01,6.37,7.6,,,,6.53
1966-03-01,6.41,7.7,,,,6.54
1966-04-01,6.44,8.0,,,,6.59
1966-05-01,6.43,8.2,,,,6.64
1966-06-01,6.72,8.4,,,,6.68
1966-07-01,6.6,8.6,,,,6.69
1966-08-01,6.66,8.6,,,,6.73
1966-09-01,6.71,8.5,,,,6.76
1966-10-01,6.76,8.4,,,,6.67
1966-11-01,6.74,8.2,,,,6.73
1966-12-01,6.79,7.7,,,,6.76
1967-01-01,6.78,7.5,,,,6.75
1967-02-01,6.73,7.4,,,,6.76
1967-03-01,6.64,7.2,,,,6.76
1967-04-01,6.72,6.9,,,,6.77
1967-05-01,6.67,6.9,,,,6.77
1967-06-01,6.71,6.9,,,,6.77
1967-07-01,6.68,6.9,,,,6.64
1967-08-01,6.63,6.8,,,,6.64
1967-09-01,6.71,6.7,,,,6.66
1967-10-01,6.69,6.7,,,,6.57
1967-11-01,6.77,6.8,,,,6.54
1967-12-01,6.75,6.8,,,,6.58
1968-01-01,6.78,6.7,,,,6.6
1968-02-01,6.77,6.7,,,,6.51
1968-03-01,6.77,6.7,,,,6.51
1968-04-01,6.73,6.6,,,,6.47
1968-05-01,6.98,6.4,,,,6.44
1968-06-01,7.01,6.4,,,,6.52
1968-07-01,6.94,6.4,,,,6.45
1968-08-01,6.9,6.3,,,,6.59
1968-09-01,6.93,6.3,,,,6.58
1968-10-01,6.95,6.3,,,,6.59
1968-11-01,7.23,6.3,,,,6.63
1968-12-01,7.42,6.3,,,,6.65
1969-01-01,7.56,6.3,,,,6.71
1969-02-01,7.87,6.3,,,,6.76
1969-03-01,8.1,6.4,,,,6.84
1969-04-01,8.08,6.5,,,,7.06
1969-05-01,8.12,6.5,,,,7.19
1969-06-01,8.18,6.7,,,,7.16
1969-07-01,8.16,6.9,,,,7.22
1969-08-01,8.21,6.9,,,,7.37
1969-09-01,8.27,7.2,,,,7.86
1969-10-01,8.44,7.4,,,,7.82
1969-11-01,8.51,7.4,,,,7.73
1969-12-01,8.63,7.6,,,,7.8
1970-01-01,8.74,7.6,,,,7.82
1970-02-01,8.84,7.8,,,,7.65
1970-03-01,8.76,8.1,,,,7.64
1970-04-01,8.63,8.1,,,,7.78
1970-05-01,8.62,8.4,,,,7.77
1970-06-01,8.55,8.7,,,,7.83
1970-07-01,8.46,8.7,,,,7.76
1970-08-01,8.39,8.4,,,,8.01
1970-09-01,8.48,8.5,,,,8.05
1970-10-01,8.47,8.7,,,,7.83
1970-11-01,8.41,8.6,,,,7.72
1970-12-01,8.26,8.2,,,,7.79
1971-01-01,8.33,7.7,,,,7.72
1971-02-01,8.4,7.7,,,,7.42
1971-03-01,8.42,7.9,,,,7.37
1971-04-01,8.43,7.9,,,,7.41
1971-05-01,8.46,8.0,,,,7.35
1971-06-01,8.45,8.2,,,,7.28
1971-07-01,8.48,8.3,,,,7.32
1971-08-01,8.44,8.3,,,,7.15
1971-09-01,8.46,8.1,,,,7.29
1971-10-01,8.46,8.0,,,,7.21
1971-11-01,8.45,7.9,,,,7.17
1971-12-01,8.28,7.9,,,,7.17
1972-01-01,8.41,7.6,,,,7.18
1972-02-01,8.33,7.3,,,,7.01
1972-03-01,8.07,7.4,,,,6.84
1972-04-01,7.92,7.7,,,,7.07
1972-05-01,7.9,7.8,,,,7.07
1972-06-01,7.83,7.9,,,,7.07
1972-07-01,7.8,8.0,,,,6.96
1972-08-01,7.86,7.9,,,,6.93
1972-09-01,7.83,7.9,,,,6.95
1972-10-01,7.91,8.0,,,,7.06
1972-11-01,8.02,8.4,,,,7.18
1972-12-01,8.28,8.6,,,,7.21
1973-01-01,8.33,8.6,,,,7.33
1973-02-01,8.38,8.6,,,,7.28
1973-03-01,8.53,8.6,,,,7.33
1973-04-01,8.62,8.8,,,,7.34
1973-05-01,8.69,9.2,,,,7.29
1973-06-01,8.88,9.9,,,,7.21
1973-07-01,9.15,9.9,,,,7.45
1973-08-01,9.33,9.8,,,,7.71
1973-09-01,9.42,9.6,,,,7.62
1973-10-01,9.5,9.7,,,,7.66
1973-11-01,9.5,9.4,,,,7.79
1973-12-01,9.65,9.6,,,,7.92
1974-01-01,10.21,9.6,,,,8.14
1974-02-01,10.48,9.9,,,,8.22
1974-03-01,10.69,10.5,,,,8.36
1974-04-01,10.7,10.4,,,,8.71
1974-05-01,10.8,10.6,,,,8.78
1974-06-01,11.45,10.7,,,,8.86
1974-07-01,11.4,10.8,,,,8.82
1974-08-01,11.4,10.8,,,,9.26
1974-09-01,11.38,10.8,,,,9.12
1974-10-01,11.14,10.8,,,,8.92
1974-11-01,11.17,10.5,,,,9.0
1974-12-01,11.21,9.9,,,,9.03
1975-01-01,10.9,9.4,,,,9.24
1975-02-01,10.69,8.9,,,,8.79
1975-03-01,10.34,8.9,,,,8.71
1975-04-01,10.36,8.8,,,,8.42
1975-05-01,10.31,8.6,,,,8.09
1975-06-01,10.21,8.4,,,,8.07
1975-07-01,10.2,8.5,,,,8.21
1975-08-01,10.11,8.5,,,,8.41
1975-09-01,10.1,8.5,,,,8.5
1975-10-01,10.15,8.5,,,,8.5
1975-11-01,10.19,8.6,,,,8.53
1975-12-01,10.18,8.5,,,,8.72
1976-01-01,10.16,8.3,,,,8.8
1976-02-01,10.16,8.2,,,,8.96
1976-03-01,10.29,7.9,,,,9.0
1976-04-01,10.24,7.9,,,,9.19
1976-05-01,10.19,8.1,,,,9.35
1976-06-01,10.37,8.2,,,,8.94
1976-07-01,10.51,8.4,,,,8.81
1976-08-01,10.61,8.3,,,,9.21
1976-09-01,10.66,8.1,,,,9.11
1976-10-01,10.95,8.0,,,,9.17
1976-11-01,10.94,7.6,,,,9.3
1976-12-01,11.04,7.4,,,,9.22
1977-01-01,10.66,7.2,,,,9.24
1977-02-01,10.72,7.2,,,,9.08
1977-03-01,10.88,7.0,,,,9.06
1977-04-01,11.12,6.6,,,,8.94
1977-05-01,11.19,6.5,,,,8.93
1977-06-01,11.11,6.6,,,,8.61
1977-07-01,11.07,6.4,,,,8.62
1977-08-01,11.0,6.2,,,,8.68
1977-09-01,10.97,6.2,,,,8.42
1977-10-01,11.01,6.2,,,,8.39
1977-11-01,11.1,6.2,,,,8.42
1977-12-01,11.07,6.1,,,,8.76
1978-01-01,11.25,5.9,,,,9.37
1978-02-01,11.36,5.8,,,,9.08
1978-03-01,11.07,5.7,,,,9.07
1978-04-01,10.75,5.7,,,,8.73
1978-05-01,10.76,5.9,,,,8.73
1978-06-01,10.6,6.0,,,,8.73
1978-07-01,10.49,6.2,,,,8.7
1978-08-01,10.4,6.4,,,,8.88
1978-09-01,10.37,6.3,,,,8.91
1978-10-01,10.21,6.4,,,,8.95
1978-11-01,10.14,6.6,,,,8.98
1978-12-01,9.94,6.7,,,,9.0
1979-01-01,9.68,6.8,,,,9.2
1979-02-01,9.77,7.1,,,,9.09
1979-03-01,9.65,7.2,,,,9.02
1979-04-01,9.64,7.3,,,,9.05
1979-05-01,9.96,7.8,,,,9.22
1979-06-01,10.71,8.0,,,,9.4
1979-07-01,11.25,7.9,,,,9.75
1979-08-01,11.67,7.6,,,,9.82
1979-09-01,11.56,7.5,,,,9.94
1979-10-01,11.6,7.7,,,,10.26
1979-11-01,12.09,8.0,,,,10.73
1979-12-01,12.59,7.9,,,,10.84
1980-01-01,12.52,8.0,,15.5,,11.06
1980-02-01,14.11,8.4,,15.4,,11.42
1980-03-01,14.44,9.4,,15.72,,12.28
1980-04-01,13.95,9.4,,15.98,,12.11
1980-05-01,13.49,8.3,,15.9,,11.86
1980-06-01,13.34,8.1,,15.06,,11.95
1980-07-01,13.43,7.9,,15.78,,11.53
1980-08-01,13.46,7.8,,16.21,,11.72
1980-09-01,13.85,8.1,,16.33,,12.05
1980-10-01,14.27,8.3,,16.71,,12.24
1980-11-01,14.24,8.6,,16.71,,12.23
1980-12-01,14.31,8.8,,16.23,,12.35
1981-01-01,14.58,9.0,,16.03,,12.77
1981-02-01,15.05,9.8,,16.34,,13.0
1981-03-01,14.98,10.2,,16.28,,13.11
1981-04-01,14.97,10.0,,15.85,,13.21
1981-05-01,17.25,10.5,,15.99,,13.21
1981-06-01,17.32,10.5,,15.52,,13.72
1981-07-01,17.11,10.5,,14.99,,13.71
1981-08-01,17.03,10.7,,15.09,,13.72
1981-09-01,17.08,10.6,,15.73,,13.7
1981-10-01,16.94,10.2,,15.96,,13.68
1981-11-01,16.75,9.9,,16.2,,13.63
1981-12-01,16.44,9.7,,15.76,,13.78
1982-01-01,16.42,9.8,,15.52,,13.88
1982-02-01,16.29,9.7,,15.96,,13.81
1982-03-01,16.35,9.4,,15.92,,13.75
1982-04-01,16.29,8.9,,16.18,,13.7
1982-05-01,16.13,8.7,,15.74,,13.58
1982-06-01,15.98,9.1,,16.08,,13.61
1982-07-01,15.96,9.3,,16.06,,13.37
1982-08-01,15.79,9.0,,16.07,,13.33
1982-09-01,15.76,8.6,,16.06,,13.29
1982-10-01,15.81,8.3,,16.48,,13.32
1982-11-01,15.79,8.2,,16.23,,12.96
1982-12-01,15.4,7.9,,15.55,,12.54
1983-01-01,14.99,7.8,,15.81,,12.42
1983-02-01,14.9,7.8,,15.4,,12.37
1983-03-01,14.65,7.6,,15.82,,12.53
1983-04-01,14.55,7.7,,16.4,,12.02
1983-05-01,14.55,7.8,,17.02,,11.7
1983-06-01,14.52,8.2,,16.7,,11.67
1983-07-01,14.04,8.2,,16.94,,11.51
1983-08-01,13.96,8.4,,17.63,,11.5
1983-09-01,14.03,8.5,,17.75,,11.77
1983-10-01,14.15,8.3,,18.11,,11.75
1983-11-01,14.12,8.3,,18.1,,11.87
1983-12-01,13.96,8.4,,17.23,,12.18
1984-01-01,13.76,8.4,,17.19,,12.29
1984-02-01,13.87,8.2,,16.88,,12.41
1984-03-01,13.98,8.1,,17.27,,12.55
1984-04-01,13.81,8.1,,17.55,,12.39
1984-05-01,13.82,8.2,,17.57,,12.39
1984-06-01,13.99,8.2,,17.11,,12.4
1984-07-01,13.91,8.2,,16.95,,12.33
1984-08-01,13.58,8.1,,16.88,,12.16
1984-09-01,13.05,7.8,,16.42,,12.12
1984-10-01,12.02,7.6,,15.55,,12.13
1984-11-01,12.36,7.4,,14.98,,11.9
1984-12-01,12.7,7.2,,13.92,,11.84
1985-01-01,12.12,7.3,,13.2,,11.75
1985-02-01,12.25,7.6,,13.22,,11.73
1985-03-01,12.27,7.7,,13.46,,11.73
1985-04-01,11.98,7.4,,13.4,,11.64
1985-05-01,11.72,7.2,,13.57,,11.45
1985-06-01,12.12,7.1,,13.79,,10.78
1985-07-01,11.87,6.9,,14.44,,10.67
1985-08-01,11.96,6.7,,14.39,,10.8
1985-09-01,11.97,6.5,,13.92,,10.76
1985-10-01,11.59,6.7,,12.6,,10.38
1985-11-01,11.22,6.8,,12.1,,9.99
1985-12-01,11.33,6.6,,12.32,,9.94
1986-01-01,10.79,6.5,,12.34,,10.05
1986-02-01,10.1,6.4,,12.36,,9.99
1986-03-01,9.29,6.1,,12.24,,9.48
1986-04-01,8.56,5.7,,12.06,,8.29
1986-05-01,8.58,6.1,,11.35,,8.48
1986-06-01,8.65,6.2,,10.97,,8.58
1986-07-01,8.55,6.1,,11.52,,8.23
1986-08-01,8.05,5.9,,11.51,,7.92
1986-09-01,8.51,6.0,,11.1,,8.04
1986-10-01,8.97,6.3,,10.15,,8.09
1986-11-01,9.49,6.4,,10.29,,8.09
1986-12-01,9.89,6.2,,10.36,,8.27
1987-01-01,8.86,6.1,,10.74,,8.26
1987-02-01,9.12,6.1,,10.59,,8.2
1987-03-01,8.67,6.0,,10.95,,8.11
1987-04-01,8.69,5.8,,12.04,,8.02
1987-05-01,8.94,5.7,,13.43,,8.05
1987-06-01,9.32,6.0,,13.2,,8.104
1987-07-01,9.37,6.3,,13.56,,8.068
1987-08-01,9.83,6.5,,14.01,,7.963
1987-09-01,10.25,6.7,,14.18,,8.179
1987-10-01,10.7,6.9,,14.26,,8.643
1987-11-01,9.96,6.4,,13.36,,8.347
1987-12-01,9.98,6.5,,13.44,,8.266
1988-01-01,9.81,6.5,,12.64,,8.162
1988-02-01,9.13,6.3,,12.36,,7.783
1988-03-01,9.26,6.2,,11.61,,7.671
1988-04-01,9.2,6.3,,11.07,,7.788
1988-05-01,9.25,6.6,,11.3,,7.932
1988-06-01,8.96,6.6,,10.86,,7.948
1988-07-01,8.98,6.7,,11.06,,8.093
1988-08-01,9.24,6.8,,11.14,,8.195
1988-09-01,9.01,6.6,,11.42,,8.239
1988-10-01,8.76,6.4,,12.14,,8.087
1988-11-01,8.74,6.4,,12.51,,8.049
1988-12-01,8.69,6.5,,12.82,,8.14
1989-01-01,8.57,6.7,,13.21,,8.166
1989-02-01,8.95,6.9,,13.2,,8.304
1989-03-01,9.08,7.0,,13.57,,8.511
1989-04-01,8.86,6.9,,13.51,,8.424
1989-05-01,8.82,7.1,,13.62,,8.358
1989-06-01,8.67,6.9,,13.78,,8.345
1989-07-01,8.55,6.8,,12.577,,8.39
1989-08-01,8.35,6.8,,13.7,,8.355
1989-09-01,8.55,7.0,,13.74,,8.433
1989-10-01,8.81,7.2,,13.81,,8.685
1989-11-01,9.05,7.5,,14.0,,9.098
1989-12-01,9.12,7.5,,14.49,,9.394
1990-01-01,9.54,7.695,,14.49,,9.798
1990-02-01,9.97,8.575,,14.62,,10.397
1990-03-01,9.98,8.645,,14.86,,10.259
1990-04-01,9.59,8.7625,,14.79,,10.002
1990-05-01,9.56,8.715,,14.63,,9.824
1990-06-01,9.69,8.8325,,14.49,,9.75
1990-07-01,9.59,8.545,,14.45,,9.552
1990-08-01,10.06,8.9975,,14.67,,10.01
1990-09-01,10.49,9.105,,15.14,,10.298
1990-10-01,10.38,9.0675,,14.86,,10.22
1990-11-01,10.21,8.9325,,14.59,,10.013
1990-12-01,9.94,8.845,,14.54,,9.95
1991-01-01,9.77,8.9275,,14.52,,9.87
1991-02-01,9.12,8.35,,14.13,,9.247
1991-03-01,9.05,8.4275,13.767,13.15,,9.234
1991-04-01,8.9,8.3575,13.43335,12.53,,9.171
1991-05-01,8.88,8.395,13.05977,11.86,,9.135
1991-06-01,9.15,8.4075,13.0936,11.92,,9.262
1991-07-01,9.19,8.6325,13.33709,12.15,,9.465
1991-08-01,9.11,8.52,13.44835,12.09,,9.406
1991-09-01,8.88,8.455,13.0171,11.58,,9.217
1991-10-01,8.8,8.3475,12.79061,11.62,,9.129
1991-11-01,8.81,8.315,12.9078,11.4572,,9.15
1991-12-01,8.8,8.2125,12.95205,11.3194117647059,,9.131
1992-01-01,8.46,7.9475,12.67724,10.9265555555556,,8.72
1992-02-01,8.46,7.92,12.60755,10.7922105263158,,8.717
1992-03-01,8.59,8.0275,12.57459,10.7961904761905,,8.813
1992-04-01,8.68,8.035,12.68986,10.8713,,8.854
1992-05-01,8.59,8.075,12.5785,10.8467368421053,,8.828
1992-06-01,8.74,8.0675,13.10173,11.3407727272727,,8.919
1992-07-01,8.9,8.125,13.62965,11.8274347826087,,8.914
1992-08-01,9.05,8.04,13.67938,12.2228095238095,,9.026
1992-09-01,8.75,7.6525,14.11282,12.6455454545455,,8.773
1992-10-01,8.44,7.4525,14.41945,12.9994761904762,,8.283
1992-11-01,8.15,7.36,13.46552,12.54045,,8.036
1992-12-01,8.21,7.32,13.65935,12.5328,,7.939
1993-01-01,7.97,7.1325,13.43032,12.1545789473684,,7.567
1993-02-01,7.79,6.905,13.06245,11.43145,,7.652
1993-03-01,7.35,6.6375,12.90191,11.3499090909091,,7.37
1993-04-01,7.16,6.6775,13.10724,11.4856,,7.441
1993-05-01,7.19,6.83,12.46333,11.217619047619,,7.426
1993-06-01,7.01,6.8075,11.673,10.5674090909091,,7.23
1993-07-01,6.75,6.6075,11.09691,10.219,10.67,7.053
1993-08-01,6.34,6.3725,9.76355,9.48138095238095,10.37,7.075
1993-09-01,6.14,6.19,9.469,9.09327272727273,9.73,7.219
1993-10-01,5.98,5.985,9.01524,8.6876,9.27,7.192
1993-11-01,6.03,5.9825,9.33257,8.56105,9.39,6.924
1993-12-01,5.8,5.83,8.93267,8.28066666666667,9.19,6.59
1994-01-01,5.67,5.815,8.6711,7.98565,8.93,6.52
1994-02-01,5.97,6.135,8.76695,8.081,8.58,6.697
1994-03-01,6.38,6.345,9.44509,8.82740909090909,8.97,7.139
1994-04-01,6.69,6.607,9.04684,9.0593,9.26,7.285
1994-05-01,6.98,6.6635,9.37136,9.548238095238101,9.96,7.536
1994-06-01,7.5,7.05238095238095,10.47673,10.2834090909091,10.84,7.984
1994-07-01,7.39,6.89619047619048,10.76752,10.58835,11.33,7.949
1994-08-01,7.65,7.0895652173913,11.45814,10.678,11.42,8.205
1994-09-01,8.1,7.51545454545455,11.93741,11.2215714285714,11.75,8.577
1994-10-01,8.19,7.5415,12.07052,11.13525,11.59,8.451
1994-11-01,8.14,7.49142857142857,12.02343,11.1849473684211,11.51,8.33
1994-12-01,8.03,7.46095238095238,12.19645,11.3803684210526,11.6,8.302
1995-01-01,8.22,7.59590909090909,12.3709,11.8622380952381,11.79,8.453
1995-02-01,8.01,7.424,12.39185,11.59595,11.7,8.269
1995-03-01,8.03,7.27739130434783,13.45274,12.2609090909091,11.98,8.156
1995-04-01,7.81,7.08833333333333,13.40478,12.0916111111111,12.17,7.845
1995-05-01,7.52,6.86238095238095,12.29932,11.4114,11.91,7.593
1995-06-01,7.45,6.783,12.38327,11.5375909090909,11.89,7.329
1995-07-01,7.45,6.86238095238095,12.21214,11.334,11.69,7.328
1995-08-01,7.33,6.74608695652174,11.6559,10.9710454545455,11.31,7.194
1995-09-01,7.35,6.5852380952381,11.54429,10.8025714285714,11.15,7.045
1995-10-01,7.49,6.5652380952381,11.96223,10.8933333333333,11.22,7.064
1995-11-01,7.04,6.34181818181818,11.62786,10.54085,10.74,6.796
1995-12-01,6.71,6.07473684210526,11.17111,9.94972222222222,10.03,6.699
1996-01-01,6.47,5.88727272727273,10.43191,9.464318181818179,9.44,6.441
1996-02-01,6.6,6.20428571428571,10.51886,9.704619047619047,9.45,6.644
1996-03-01,6.65,6.4452380952381,10.68752,9.8933,9.46,6.838
1996-04-01,6.51,6.377,10.339,9.323,9.06,6.67
1996-05-01,6.47,6.446,9.69577,9.17065,8.97,6.688
1996-06-01,6.56,6.55894736842105,9.57035,9.10875,8.88,6.78
1996-07-01,6.49,6.47869565217391,9.42804,8.775869565217391,8.71,6.778
1996-08-01,6.41,6.30227272727273,9.4839,8.861714285714289,8.71,6.62
1996-09-01,6.29,6.22666666666667,9.16838,8.43571428571429,8.32,6.445
1996-10-01,5.98,6.00863636363636,8.23278,7.760130434782609,7.59,6.098
1996-11-01,5.83,5.85952380952381,7.69285,7.3421,7.17,5.998
1996-12-01,5.75,5.79,7.56547,6.997368421052631,6.95,5.901
1997-01-01,5.69,5.80409090909091,7.37543,6.83133333333333,6.72,5.887
1997-02-01,5.45,5.5445,7.36335,6.74085,6.66,5.652
1997-03-01,5.67,5.71526315789474,7.8694,7.03173684210526,6.87,5.853
1997-04-01,5.81,5.86681818181818,7.73686,6.95290909090909,6.8,6.022
1997-05-01,5.71,5.76111111111111,7.31986,6.61442105263158,6.49,5.904
1997-06-01,5.65,5.71857142857143,7.06638,6.4673809523809505,6.41,5.832
1997-07-01,5.44,5.55652173913044,6.51817,6.21213636363636,6.26,5.64
1997-08-01,5.59,5.66,6.6575,6.3049,6.35,5.748
1997-09-01,5.53,5.59272727272727,6.35582,6.0867619047619,6.13,5.687
1997-10-01,5.6,5.57818181818182,6.19691,5.9752173913043505,5.98,5.686
1997-11-01,5.57,5.5565,6.13295,5.95715,5.96,5.683
1997-12-01,5.32,5.32736842105263,5.73768,5.643619047619049,5.67,5.454
1998-01-01,5.12,5.11238095238095,5.43435,5.39705,5.4,5.22
1998-02-01,5.04,4.989,5.3749,5.2353,5.32,5.114
1998-03-01,4.96,4.89954545454545,5.19768,5.08585714285714,5.25,5.033
1998-04-01,4.97,4.902,5.14619,5.06345,5.17,5.033
1998-05-01,5.01,4.96473684210526,5.2076,5.13010526315789,5.18,5.092
1998-06-01,4.86,4.7985,5.07895,5.01922727272727,5.06,4.956
1998-07-01,4.78,4.68478260869565,4.96996,4.9394347826087,4.95,4.88
1998-08-01,4.53,4.42523809523809,4.78729,4.74095238095238,4.76,4.665
1998-09-01,4.2,4.06090909090909,4.52582,4.474454545454551,4.46,4.335
1998-10-01,4.19,4.06454545454545,4.48631,4.42795238095238,4.43,4.276
1998-11-01,4.2,4.12047619047619,4.38351,4.40568421052632,4.43,4.326
1998-12-01,3.91,3.8635,3.99512,4.07565,4.12,4.086
1999-01-01,3.78,3.702,3.92233,3.8801052631578896,3.9,3.904
1999-02-01,3.94,3.849,4.05379,4.02225,4.02,4.043
1999-03-01,4.14,4.03782608695652,4.27124,4.2543913043478305,4.24,4.257
1999-04-01,3.99,3.85,4.11022,4.08635,4.13,4.109
1999-05-01,4.17,4.01210526315789,4.27919,4.2742380952381,4.32,4.288
1999-06-01,4.49,4.36047619047619,4.61521,4.600090909090911,4.66,4.638
1999-07-01,4.82,4.67636363636364,4.9377,4.9112727272727295,4.99,4.942
1999-08-01,5.02,4.87909090909091,5.13436,5.1734090909090895,5.22,5.181
1999-09-01,5.2,5.04045454545455,5.28188,5.31486363636364,5.41,5.343
1999-10-01,5.44,5.29238095238095,5.52122,5.564,5.62,5.584
1999-11-01,5.15,5.04,5.24581,5.27990909090909,5.36,5.304
1999-12-01,5.29,5.14761904761905,5.36007,5.36685714285714,5.46,5.408
2000-01-01,5.66,5.53952380952381,5.74797,5.75747619047619,5.81,5.793
2000-02-01,5.62,5.50857142857143,5.7264,5.73147619047619,5.78,5.795
2000-03-01,5.43,5.33304347826087,5.57685,5.550130434782609,5.61,5.62
2000-04-01,5.33,5.22555555555556,5.46569,5.45211111111111,5.52,5.521
2000-05-01,5.5,5.37818181818182,5.66472,5.62659090909091,5.68,5.687
2000-06-01,5.32,5.19136363636364,5.50964,5.454954545454551,5.54,5.526
2000-07-01,5.4,5.26619047619048,5.59131,5.53414285714286,5.61,5.6
2000-08-01,5.36,5.2104347826087,5.56267,5.50059090909091,5.57,5.56
2000-09-01,5.42,5.26333333333333,5.6323,5.55914285714286,5.63,5.629
2000-10-01,5.36,5.20714285714286,5.5784,5.494666666666671,5.58,5.582
2000-11-01,5.29,5.15363636363636,5.54812,5.44563636363636,5.53,5.524
2000-12-01,5.04,4.89052631578947,5.29808,5.20347368421053,5.28,5.276
2001-01-01,4.94,4.80318181818182,5.1831,5.07690909090909,5.16,5.164
2001-02-01,4.93,4.7775,5.18368,5.11675,5.14,5.156
2001-03-01,4.84,4.66772727272727,5.13048,5.040909090909089,5.09,5.078
2001-04-01,5.0,4.82789473684211,5.28228,5.17952631578947,5.27,5.205
2001-05-01,5.21,5.04681818181818,5.4487,5.36318181818182,5.42,5.377
2001-06-01,5.15,5.0,5.39902,5.32657142857143,5.38,5.329
2001-07-01,5.15,5.01590909090909,5.4162,5.34786363636364,5.39,5.346
2001-08-01,4.95,4.82391304347826,5.21455,5.15578260869565,5.19,5.152
2001-09-01,4.94,4.813,5.196,5.13845,5.17,5.135
2001-10-01,4.72,4.5995652173913,4.96395,4.90895652173913,4.92,4.887
2001-11-01,4.57,4.44772727272727,4.80034,4.76072727272727,4.76,4.747
2001-12-01,4.87,4.73588235294118,5.04714,4.96777777777778,5.01,4.974
2002-01-01,4.93,4.86272727272727,5.14238,5.04531818181818,5.08,5.08
2002-02-01,4.99,4.9195,5.19949,5.10645,5.15,5.151
2002-03-01,5.24,5.161,5.41067,5.3363,5.39,5.372
2002-04-01,5.24,5.1552380952381,5.40396,5.33566666666667,5.39,5.373
2002-05-01,5.26,5.16772727272727,5.40598,5.361409090909089,5.4,5.377
2002-06-01,5.11,5.0175,5.25533,5.2311,5.26,5.242
2002-07-01,4.96,4.86739130434783,5.10932,5.068956521739129,5.12,5.088
2002-08-01,4.67,4.58954545454545,4.82842,4.777727272727271,4.85,4.803
2002-09-01,4.46,4.38523809523809,4.61844,4.57595238095238,4.63,4.596
2002-10-01,4.55,4.46391304347826,4.75706,4.625,4.7,4.659
2002-11-01,4.53,4.47761904761905,4.7354,4.602285714285711,4.65,4.637
2002-12-01,4.38,4.33555555555556,4.54822,4.425526315789471,4.45,4.456
2003-01-01,4.22,4.18,4.37548,4.239409090909089,4.27,4.284
2003-02-01,4.01,3.955,4.15681,4.01075,4.04,4.112
2003-03-01,4.1,4.00047619047619,4.18462,4.0352380952381,4.08,4.15
2003-04-01,4.22,4.147,4.31189,4.1884,4.18,4.286
2003-05-01,3.89,3.8152380952381,4.03517,3.8766666666666705,3.91,3.947
2003-06-01,3.69,3.61666666666667,3.82209,3.68814285714286,3.77,3.737
2003-07-01,4.01,3.97260869565217,4.13202,4.0312173913043505,4.1,4.059
2003-08-01,4.16,4.13,4.29336,4.191380952380951,4.26,4.224
2003-09-01,4.23,4.17136363636364,4.31445,4.209,4.29,4.25
2003-10-01,4.28,4.22130434782609,4.38222,4.26865217391304,4.36,4.307
2003-11-01,4.41,4.353,4.51138,4.39835,4.48,4.429
2003-12-01,4.34,4.29105263157895,4.4588,4.33931578947368,4.4,4.375
2004-01-01,4.2,4.17095238095238,4.31655,4.1915714285714305,4.25,4.257
2004-02-01,4.14,4.11,4.34284,4.14815,4.19,4.262
2004-03-01,3.98,3.91347826086957,4.16873,4.01169565217391,4.0,4.071
2004-04-01,4.18,4.097,4.35086,4.19905,4.25,4.26
2004-05-01,4.34,4.25333333333333,4.49304,4.3343809523809504,4.42,4.398
2004-06-01,4.39,4.31272727272727,4.54392,4.39018181818182,4.47,4.457
2004-07-01,4.27,4.23681818181818,4.43989,4.2815,4.35,4.343
2004-08-01,4.11,4.08045454545455,4.27713,4.15109090909091,4.18,4.179
2004-09-01,4.09,4.01636363636364,4.25079,4.08245454545455,4.12,4.107
2004-10-01,3.98,3.8947619047619,4.12889,3.9654285714285695,3.99,3.976
2004-11-01,3.86,3.78045454545455,3.99979,3.85086363636364,3.86,3.855
2004-12-01,3.64,3.57952380952381,3.79167,3.64334782608696,3.64,3.659
2005-01-01,3.58,3.5647619047619,3.71143,3.59095238095238,3.56,3.59
2005-02-01,3.6,3.544,3.67836,3.58065,3.55,3.566
2005-03-01,3.75,3.69619047619048,3.83727,3.7334285714285698,3.7,3.76
2005-04-01,3.54,3.48238095238095,3.65325,3.52928571428571,3.5,3.6
2005-05-01,3.38,3.30409090909091,3.55261,3.35968181818182,3.35,3.435
2005-06-01,3.2,3.12636363636364,3.40502,3.18540909090909,3.19,3.265
2005-07-01,3.27,3.20571428571429,3.43842,3.2194761904761906,3.35,3.297
2005-08-01,3.3,3.23260869565217,3.44898,3.23126086956522,3.39,3.313
2005-09-01,3.13,3.06772727272727,3.28701,3.08836363636364,3.23,3.145
2005-10-01,3.29,3.23857142857143,3.44443,3.2725238095238094,3.39,3.299
2005-11-01,3.5,3.44818181818182,3.65516,3.47659090909091,3.58,3.493
2005-12-01,3.38,3.33761904761905,3.55319,3.36857142857143,3.46,3.39
2006-01-01,3.34,3.32136363636364,3.54353,3.33059090909091,3.45,3.372
2006-02-01,3.51,3.4725,3.69735,3.4829,3.6,3.538
2006-03-01,3.69,3.63739130434783,3.92284,3.64891304347826,3.77,3.702
2006-04-01,3.95,3.895,4.22184,3.9188888888888895,4.03,3.956
2006-05-01,4.0,3.96272727272727,4.28469,3.98631818181818,4.07,4.027
2006-06-01,4.01,3.96045454545455,4.29471,3.98818181818182,4.1,4.016
2006-07-01,4.03,4.01,4.30648,4.02390476190476,4.14,4.042
2006-08-01,3.9,3.88391304347826,4.1707,3.8925652173913,4.06,3.915
2006-09-01,3.77,3.75380952380952,4.03582,3.7632857142857103,3.93,3.789
2006-10-01,3.81,3.78772727272727,4.06997,3.8129090909090895,3.98,3.835
2006-11-01,3.74,3.71409090909091,3.97009,3.747,3.89,3.76
2006-12-01,3.81,3.77052631578947,4.0376,3.81626315789474,3.96,3.82
2007-01-01,4.07,4.01681818181818,4.2628,4.07245454545455,4.18,4.064
2007-02-01,4.1,4.049,4.28009,4.1108,4.19,4.108
2007-03-01,4.0,3.94090909090909,4.17622,4.00868181818182,4.1,4.009
2007-04-01,4.21,4.1521052631579,4.37021,4.20873684210526,4.3,4.222
2007-05-01,4.34,4.27904761904762,4.48971,4.336285714285711,4.44,4.345
2007-06-01,4.62,4.56047619047619,4.77197,4.6202857142857106,4.74,4.638
2007-07-01,4.58,4.505,4.76033,4.596227272727271,4.73,4.617
2007-08-01,4.39,4.29652173913043,4.58355,4.39813043478261,4.55,4.437
2007-09-01,4.36,4.226,4.57357,4.354,4.5,4.392
2007-10-01,4.4,4.28260869565217,4.59088,4.37834782608696,4.52,4.423
2007-11-01,4.23,4.08909090909091,4.44929,4.24786363636364,4.36,4.28
2007-12-01,4.35,4.20588235294118,4.53849,4.34770588235294,4.47,4.412
2008-01-01,4.15,4.02772727272727,4.39891,4.18272727272727,4.31,4.252
2008-02-01,4.08,3.95285714285714,4.35443,4.14409523809524,4.27,4.231
2008-03-01,4.02,3.79947368421053,4.37747,4.117631578947369,4.36,4.225
2008-04-01,4.27,4.04,4.53189,4.3102727272727295,4.52,4.375
2008-05-01,4.41,4.20190476190476,4.70282,4.42215,4.6,4.514
2008-06-01,4.73,4.52047619047619,5.10565,4.79161904761905,4.96,4.836
2008-07-01,4.69,4.4904347826087,5.09463,4.79786363636364,4.95,4.852
2008-08-01,4.4,4.20238095238095,4.81387,4.55911764705882,4.69,4.578
2008-09-01,4.36,4.09409090909091,4.8041,4.56833333333333,4.66,4.558
2008-10-01,4.18,3.88347826086957,4.78,4.466,4.56,4.459
2008-11-01,3.98,3.5565,4.74252,4.1468,4.35,4.261
2008-12-01,3.54,3.04789473684211,4.46882,3.85817647058824,4.01,3.866
2009-01-01,3.6,3.07095238095238,4.62129,4.14584210526316,4.32,4.133
2009-02-01,3.68,3.1275,4.53581,4.23355,4.52,4.238
2009-03-01,3.65,3.01954545454545,4.45835,4.05876190476191,4.68,4.035
2009-04-01,3.66,3.133,4.35597,4.00575,4.53,3.929
2009-05-01,3.8,3.371,4.41509,4.05425,4.29,4.029
2009-06-01,3.9,3.47363636363636,4.60624,4.23504545454546,4.5,4.122
2009-07-01,3.73,3.33782608695652,4.37291,4.01195652173913,4.25,3.915
2009-08-01,3.59,3.3052380952381,4.11556,3.7783809523809504,3.95,3.773
2009-09-01,3.59,3.26318181818182,4.08809,3.8032272727272702,3.93,3.722
2009-10-01,3.56,3.20909090909091,4.10144,3.7710909090909106,3.85,3.678
2009-11-01,3.56,3.21714285714286,4.05652,3.7895238095238097,3.8,3.643
2009-12-01,3.48,3.1385,4.00728,3.8042,3.91,3.608
2010-01-01,3.52,3.2575,4.07788,3.98865,4.17,3.745
2010-02-01,3.5,3.17,4.04712,3.9781,4.56,3.731
2010-03-01,3.44,3.10217391304348,3.94527,3.8304782608695698,4.31,3.626
2010-04-01,3.4,3.0645,3.99558,3.90142105263158,4.78,3.542
2010-05-01,3.08,2.73428571428571,3.98492,4.08414285714286,5.02,3.306
2010-06-01,3.07,2.54318181818182,4.1022,4.5555,5.55,3.472
2010-07-01,2.99,2.61590909090909,4.02583,4.43309090909091,5.49,3.293
2010-08-01,2.68,2.35,3.80208,4.03718181818182,5.31,3.029
2010-09-01,2.68,2.30045454545455,3.86227,4.09463636363636,6.08,3.12
2010-10-01,2.72,2.34571428571429,3.80021,4.03652380952381,6.05,3.209
2010-11-01,3.0,2.53272727272727,4.18408,4.68590476190476,6.91,3.479
2010-12-01,3.34,2.9147619047619,4.603,5.3743809523809505,6.53,3.989
2011-01-01,3.44,3.01666666666667,4.72908,5.37933333333333,6.95,4.136
2011-02-01,3.6,3.199,4.73561,5.2578,7.34,4.214
2011-03-01,3.61,3.21173913043478,4.87539,5.2494347826087,7.8,4.213
2011-04-01,3.69,3.34052631578947,4.84077,5.32873684210526,9.19,4.287
2011-05-01,3.49,3.06090909090909,4.75615,5.32218181818182,9.63,4.211
2011-06-01,3.43,2.89090909090909,4.81559,5.47986363636364,10.87,4.137
2011-07-01,3.4,2.74380952380952,5.46328,5.82485714285714,12.15,4.225
2011-08-01,2.98,2.21347826086957,5.27054,5.25234782608696,10.93,4.105
2011-09-01,2.64,1.82909090909091,5.7457,5.20022727272727,11.34,3.877
2011-10-01,2.99,2.00238095238095,5.9719,5.25133333333333,11.72,4.201
2011-11-01,3.41,1.87409090909091,7.05709,6.19209090909091,11.89,4.838
2011-12-01,3.16,1.92761904761905,6.81193,5.50452380952381,13.08,4.352
2012-01-01,3.18,1.82090909090909,6.5366,5.3992857142857105,13.85,4.108
2012-02-01,3.02,1.85190476190476,5.54646,5.11109523809524,12.81,3.703
2012-03-01,2.95,1.83045454545455,5.04876,5.16972727272727,13.01,3.53
2012-04-01,2.99,1.62421052631579,5.67583,5.79,12.01,3.524
2012-05-01,2.75,1.33681818181818,5.78334,6.12554545454545,11.59,3.304
2012-06-01,2.57,1.30047619047619,5.90366,6.58938095238095,10.56,3.169
2012-07-01,2.28,1.24227272727273,5.99562,6.795,10.49,2.695
2012-08-01,2.12,1.34173913043478,5.82165,6.58128571428571,9.89,2.54
2012-09-01,2.24,1.4905,5.2543,5.9205,8.62,2.606
2012-10-01,2.19,1.46695652173913,4.95287,5.646590909090911,8.17,2.436
2012-11-01,2.14,1.33590909090909,4.85144,5.690090909090911,8.32,2.288
2012-12-01,2.01,1.29941176470588,4.54158,5.33994444444444,7.25,2.104
2013-01-01,2.17,1.51227272727273,4.20769,5.05027272727273,6.24,2.312
2013-02-01,2.24,1.5435,4.4929,5.2183,6.4,2.465
2013-03-01,2.07,1.3545,4.64036,4.92135,6.1,2.255
2013-04-01,1.8,1.19619047619048,4.27767,4.59109523809524,6.15,2.044
2013-05-01,1.87,1.29409090909091,3.96398,4.24631818181818,5.46,2.058
2013-06-01,2.21,1.5305,4.37887,4.6707,6.3,2.441
2013-07-01,2.25,1.56565217391304,4.41831,4.66017391304348,6.87,2.543
2013-08-01,2.36,1.735,4.41911,4.50718181818182,6.6,2.65
2013-09-01,2.49,1.88809523809524,4.54105,4.41690476190476,7.06,2.752
2013-10-01,2.39,1.76217391304348,4.24765,4.21634782608696,6.33,2.569
2013-11-01,2.27,1.67714285714286,4.09506,4.10635,5.98,2.416
2013-12-01,2.33,1.79777777777778,4.11398,4.13855,6.04,2.435
2014-01-01,2.38,1.75590909090909,3.86587,3.785,5.21,2.45
2014-02-01,2.25,1.5585,3.65119,3.56125,4.93,2.398
2014-03-01,2.15,1.50857142857143,3.39943,3.312,4.43,2.264
2014-04-01,2.03,1.4565,3.22823,3.10415,3.82,2.16
2014-05-01,1.84,1.32714285714286,3.12329,2.93342857142857,3.66,1.995
2014-06-01,1.71,1.26428571428571,2.91968,2.71247619047619,3.5,1.827
2014-07-01,1.56,1.11434782608696,2.79361,2.671,3.69,1.614
2014-08-01,1.41,0.956190476190476,2.6327,2.4194,3.47,1.404
2014-09-01,1.35,0.921363636363636,2.40013,2.19604545454545,3.18,1.299
2014-10-01,1.26,0.790909090909091,2.4239,2.11130434782609,3.21,1.179
2014-11-01,1.14,0.719,2.29036,2.07055,3.13,1.066
2014-12-01,0.92,0.588947368421053,1.9898,1.78536842105263,2.81,0.905
2015-01-01,0.67,0.39,1.70214,1.54209523809524,2.49,0.733
2015-02-01,0.6,0.302,1.55683,1.5131,2.32,0.633
2015-03-01,0.51,0.227272727272727,1.29423,1.22581818181818,1.74,0.495
2015-04-01,0.44,0.122,1.3574,1.31275,1.87,0.415
2015-05-01,0.89,0.55578947368421,1.81211,1.77063157894737,2.41,0.859
2015-06-01,1.2,0.792727272727273,2.19919,2.23395454545455,2.93,1.206
2015-07-01,1.11,0.71,2.04214,2.10069565217391,2.74,1.15
2015-08-01,1.01,0.608571428571429,1.83856,1.9497619047619,2.52,1.0
2015-09-01,1.0,0.654090909090909,1.92014,2.0307727272727294,2.59,1.009
2015-10-01,0.87,0.518181818181818,1.69606,1.72818181818182,2.41,0.855
2015-11-01,0.88,0.516190476190476,1.57018,1.72766666666667,2.57,0.84
2015-12-01,0.93,0.5455,1.57864,1.68561904761905,2.49,0.893
2016-01-01,0.84,0.4305,1.5343,1.72795,2.71,0.858
2016-02-01,0.59,0.172857142857143,1.5585,1.72352380952381,3.23,0.716
2016-03-01,0.51,0.171428571428571,1.37516,1.5507619047619,2.84,0.617
2016-04-01,0.51,0.134285714285714,1.44177,1.51352380952381,3.13,0.55
2016-05-01,0.51,0.132857142857143,1.52632,1.5665,3.15,0.551
2016-06-01,0.39,-0.016818181818182,1.45346,1.47995454545455,3.2,0.427
2016-07-01,0.17,-0.154285714285714,1.22722,1.16909523809524,3.06,0.198
2016-08-01,0.15,-0.131739130434783,1.17635,1.01430434782609,2.91,0.147
2016-09-01,0.18,-0.084090909090909,1.26606,1.04090909090909,3.26,0.18
2016-10-01,0.33,0.002,1.45047,1.07261904761905,3.33,0.267
2016-11-01,0.67,0.189090909090909,1.94278,1.42381818181818,3.51,0.567
2016-12-01,0.75,0.251904761904762,1.88618,1.43666666666667,3.74,0.615
2017-01-01,0.86,0.250909090909091,1.99107,1.46631818181818,3.95,0.696
2017-02-01,1.03,0.258,2.35192,1.703,4.04,0.874
2017-03-01,1.02,0.348260869565217,2.40073,1.71752173913043,3.99,0.874
2017-04-01,0.88,0.225555555555556,2.25705,1.61777777777778,3.77,0.783
2017-05-01,0.81,0.336363636363636,2.19402,1.56840909090909,3.29,0.774
2017-06-01,0.66,0.25047619047619,2.05337,1.45231818181818,2.97,0.625
2017-07-01,0.84,0.455714285714286,2.23141,1.59780952380952,3.03,0.833
2017-08-01,0.71,0.346086956521739,2.10986,1.48486363636364,2.83,0.726
2017-09-01,0.7,0.347142857142857,2.10949,1.54128571428571,2.63,0.696
2017-10-01,0.81,0.3725,2.07385,1.61468181818182,2.32,0.694
2017-11-01,0.72,0.308181818181818,1.78885,1.48877272727273,1.98,0.582
2017-12-01,0.67,0.296842105263158,1.79452,1.44163157894737,1.83,0.533
2018-01-01,0.85,0.474545454545455,1.98419,1.47386363636364,1.85,0.705
2018-02-01,0.98,0.659,2.08078,1.5178,2.03,0.972
2018-03-01,0.83,0.52952380952381,1.96547,1.34961904761905,1.79,0.872
2018-04-01,0.78,0.48,1.77335,1.2183,1.66,0.812
2018-05-01,0.79,0.45,2.17969,1.38581818181818,1.84,0.827
2018-06-01,0.75,0.327142857142857,2.74417,1.37290476190476,1.87,0.786
2018-07-01,0.67,0.274545454545455,2.64298,1.31754545454545,1.76,0.683
2018-08-01,0.7,0.290869565217391,3.16096,1.37239130434783,1.82,0.715
2018-09-01,0.77,0.3705,2.9585,1.4418,1.88,0.772
2018-10-01,0.82,0.399090909090909,3.46884,1.5735652173913,1.96,0.852
2018-11-01,0.76,0.314090909090909,3.39008,1.58240909090909,1.91,0.808
2018-12-01,0.7,0.187058823529412,2.97513,1.42621052631579,1.71,0.745
2019-01-01,0.65,0.132727272727273,2.77011,1.37877272727273,1.67,0.765
2019-02-01,0.55,0.0555,2.81241,1.28095,1.55,0.687
2019-03-01,0.44,0.010952380952381,2.68985,1.12685714285714,1.32,0.537
2019-04-01,0.37,-0.0395,2.61756,1.0623,1.18,0.467
2019-05-01,0.3,-0.134545454545455,2.64404,0.879681818181818,1.02,0.407
2019-06-01,0.08,-0.315263157894737,2.28374,0.4994,0.59,0.148
2019-07-01,-0.07,-0.388260869565217,1.6539,0.355130434782609,0.44,-0.003
2019-08-01,-0.34,-0.649090909090909,1.40365,0.141772727272727,0.17,-0.277
2019-09-01,-0.27,-0.594761904761905,0.90208,0.183380952380952,0.2,-0.239
2019-10-01,-0.16,-0.469545454545455,1.00355,0.202521739130435,0.19,-0.155
2019-11-01,-0.02,-0.352380952380952,1.26594,0.384952380952381,0.35,-0.042
2019-12-01,0.04,-0.299444444444444,1.37011,0.4365,0.41,0.006
2020-01-01,-0.01,-0.313636363636364,1.27499,0.418863636363636,0.37,-0.025
2020-02-01,-0.18,-0.466,0.9555,0.2742,0.25,-0.126
2020-03-01,-0.05,-0.541363636363636,1.55118,0.509318181818182,0.71,-0.018
2020-04-01,0.06,-0.4495,1.79913,0.8217,0.97,0.142
2020-05-01,-0.03,-0.5165,1.76204,0.747809523809524,0.81,0.038
2020-06-01,-0.04,-0.434285714285714,1.4552,0.517090909090909,0.53,-0.044
2020-07-01,-0.15,-0.52304347826087,1.19629,0.376608695652174,0.4,-0.168
2020-08-01,-0.17,-0.523333333333333,1.03189,0.301,0.36,-0.207
2020-09-01,-0.21,-0.524090909090909,0.98121,0.280681818181818,0.32,-0.246
2020-10-01,-0.3,-0.607272727272727,0.77007,0.170181818181818,0.18,-0.345
2020-11-01,-0.32,-0.614761904761905,0.66399,0.0940952380952381,0.07,-0.383
2020-12-01,-0.34,-0.6185,0.57801,0.0421818181818182,0.03,-0.388
2021-01-01,-0.31,-0.5835,0.61566,0.07825,0.03,-0.358
2021-02-01,-0.15,-0.4455,0.59041,0.22555,0.16,-0.212
2021-03-01,-0.07,-0.364782608695652,0.70399,0.309608695652174,0.23,-0.036
2021-04-01,-0.01,-0.325,0.79727,0.36725,0.35,0.044
2021-05-01,0.21,-0.2235,0.98446,0.516571428571429,0.53,0.179
2021-06-01,0.15,-0.288636363636364,0.8746,0.4455,0.43,0.122
2021-07-01,-0.01,-0.451363636363636,0.74775,0.332772727272727,0.27,-0.028
2021-08-01,-0.12,-0.538636363636364,0.62758,0.218227272727273,0.14,-0.135
2021-09-01,0.04,-0.362727272727273,0.77658,0.330272727272727,0.26,0.008
2021-10-01,0.2,-0.204285714285714,0.95487,0.471,0.39,0.162
2021-11-01,0.1,-0.313636363636364,1.00969,0.476681818181818,0.39,0.07
2021-12-01,0.05,-0.384285714285714,1.04735,0.413318181818182,0.36,0.03
2022-01-01,0.31,-0.114761904761905,1.34641,0.66452380952381,0.58,0.26
2022-02-01,0.68,0.15,1.79367,1.11215,1.06,0.59
2022-03-01,0.78,0.281739130434783,1.85382,1.22534782608696,1.16,0.79
2022-04-01,1.28,0.746315789473684,2.4356,1.68947368421053,1.76,1.3
2022-05-01,1.52,0.952727272727273,2.98982,2.05136363636364,2.14,1.58
2022-06-01,2.06,1.445,3.6347,2.6485,2.65,2.13
2022-07-01,1.71,1.08190476190476,3.35879,2.3332380952381,2.26,1.8
2022-08-01,1.69,1.03434782608696,3.29713,2.1758695652173894,2.16,1.71
2022-09-01,2.41,1.79545454545455,4.13844,2.95204545454545,2.89,2.45
2022-10-01,2.77,2.18666666666667,4.53227,3.31419047619048,3.26,2.84
2022-11-01,2.58,2.06636363636364,4.24251,3.105,3.02,2.65
2022-12-01,2.62,2.0852380952381,4.25657,3.111,3.1,2.7
2023-01-01,2.69,2.19272727272727,4.24279,3.22263636363636,3.13,2.79
2023-02-01,2.87,2.3705,4.27004,3.3891,3.27,2.96
2023-03-01,2.92,2.38347826086957,4.24,3.44308695652174,3.27,3.04
2023-04-01,2.9,2.35944444444444,4.23356,3.40816666666667,3.2,3.05
2023-05-01,2.94,2.34227272727273,4.31267,3.4137272727272694,3.16,3.04
2023-06-01,2.93,2.37636363636364,4.07441,3.40422727272727,3.09,3.05
2023-07-01,3.04,2.45666666666667,4.15721,3.49738095238095,3.23,3.14
2023-08-01,3.11,2.54565217391304,4.22104,3.58721739130435,3.31,3.22
2023-09-01,3.24,2.66142857142857,4.51295,3.72090476190476,3.45,3.32
2023-10-01,3.45,2.82318181818182,4.88505,3.9512272727272704,3.59,3.52
2023-11-01,3.19,2.60136363636364,4.42761,3.6594090909090897,3.3,3.23
2023-12-01,2.65,2.10210526315789,3.82082,3.141,2.85,2.7
2024-01-01,2.74,2.17454545454545,3.81113,3.18595454545455,2.97,2.81
2024-02-01,2.85,2.3319047619,3.87207,3.2725238095238094,3.06,2.95
2024-03-01,2.82,2.3495,3.69579,3.1896,3.02,2.91
2024-04-01,2.97,2.4457142857,3.85564,3.2815238095238106,3.13,3.01
2024-05-01,3.03,2.5195454545,3.84382,3.29891304347826,3.16,3.06
2024-06-01,3.15,2.4845,3.94189,3.35605,3.19,3.12
2024-07-01,3.14,2.4582608696,3.83015,3.28039130434783,3.1,3.06
2024-08-01,2.94,2.2077272727,3.68199,3.07104545454545,2.88,2.83
2024-09-01,2.9,2.1671428571,3.56547,2.99566666666667,2.78,2.79
2024-10-01,2.99,2.2295652174,3.50106,2.96760869565217,2.73,2.84
2024-11-01,3.09,2.3057142857,3.56886,3.05561904761905,2.79,2.92
2024-12-01,3.01,2.1788888889,3.32087,2.89065,2.68,2.8
2025-01-01,3.32,2.4836363636,3.67594,3.17318181818182,2.96,3.1
2025-02-01,3.15,2.4055,3.57541,3.09985,2.95,3.01
2025-03-01,3.43,2.7414285714,3.88713,3.38919047619048,3.29,3.32
2025-04-01,3.26,2.5105,3.71151,3.2291,3.11,3.14
2025-05-01,3.26,2.5628571429,3.62922,3.2089090909090894,3.08,3.14
2025-06-01,3.24,2.519047619,3.50068,3.16742857142857,3.02,3.09
2025-07-01,3.36,2.6313043478,3.53735,3.24308695652174,3.1,3.21
2025-08-01,3.42,2.6733333333,3.53833,3.25661904761905,3.12,3.23
2025-09-01,3.51,2.6931818182,3.55866,3.26622727272727,3.13,3.26
2025-10-01,3.44,2.617826087,3.44212,3.15139130434783,3.02,3.19
2025-11-01,3.44,2.6575,3.45927,3.1788,3.02,3.21
2025-12-01,3.56,2.8142105263,3.55156,3.27190476190476,3.14,3.32
2026-01-01,3.53,2.8066666667,3.49242,3.2692380952381,3.19,3.36
2026-02-01,3.4,2.745,3.388,3.1826,3.13,3.3
2026-03-01,3.64,2.91,3.73337,3.38577272727273,3.37,3.51
2026-04-01,3.73,3.001,3.8182,3.4491,3.43,3.59
2026-05-01,3.74,3.0465,3.83912,3.48225,3.42,3.6
2026-06-01,3.68,2.96409090909091,3.73443,3.41636363636364,3.33,3.51
2026-07-01,3.85,3.0704347826087,3.88074,3.53326086956522,3.44,3.64
2026-08-01,4.0,3.18,3.98598,3.633,,3.76
