mois,y_true,naif_moyenne,naif_zero,ridge|M0 marchés,rf|M0 marchés,xgb|M0 marchés,ridge|M1 + dépenses,rf|M1 + dépenses,xgb|M1 + dépenses,ridge|M2 + budget complet,rf|M2 + budget complet,xgb|M2 + budget complet
2020-01,-17.0,-2.9565217391304346,0.0,-1.3913343163084633,0.14656246349396473,10.188412,-6.05756097394167,0.5819644499782138,-0.8222987,-5.761179467512262,-0.7158914030067058,-1.2812469
2020-02,13.0,-3.1571428571428566,0.0,-8.47644407296847,-6.082046983861221,-3.9376156,-14.909025648903357,-6.817675424346321,-12.885724,-14.684733430729846,-7.652621647414517,-11.509763
2020-03,11.0,-2.929577464788732,0.0,-20.65641379299521,-4.48419342168839,-8.818956,-23.422647017489645,-2.894703540362286,-6.2941313,-23.44463608600453,-2.671804196649009,-9.567546
2020-04,-9.0,-2.7361111111111107,0.0,-4.5493724056923535,0.6248809057433086,-2.7088504,-6.536028246438265,-2.286774206499284,-8.978559,-6.625404285429909,-1.648691604530131,-6.130711
2020-05,-1.0000000000000002,-2.821917808219178,0.0,-7.364139151394008,-9.128525140348742,-14.426623,-7.038725018320861,-9.182849618533742,-17.115177,-7.305034497997754,-8.535874705829656,-13.26359
2020-06,-10.999999999999998,-2.797297297297297,0.0,-3.8442664125826127,-7.421828859326439,-8.57358,-0.9730920693193412,-3.962184515549774,-8.75598,-0.8140633056529722,-5.085598725849065,-14.458961
2020-07,-2.0000000000000018,-2.9066666666666663,0.0,-3.2451682123289554,-5.14652915002248,-2.4878263,-0.3589159547452345,-3.822595059053582,-4.7474856,0.006698473084926881,-4.95931992527119,-10.366266
2020-08,-3.9999999999999982,-2.894736842105263,0.0,-0.271150473348011,-0.7797159721419898,-1.988463,2.115620915788448,0.4334668827877503,1.9073151,2.6481368229589877,-0.13869420601259988,1.894513
2020-09,-9.0,-2.9090909090909087,0.0,-2.6256642631163842,-5.424656609676204,-5.7496834,0.7471134833107769,-2.720069935859124,-5.137603,1.317113093473461,-3.2212933491936786,-3.765832
2020-10,-2.0000000000000018,-2.987179487179487,0.0,-2.362902235894426,0.790665665312823,1.2620535,-2.6035998370070343,1.7237142444807914,-1.6601884,-2.4892953484493363,-0.08455617823239396,0.78134125
2020-11,-2.0000000000000018,-2.974683544303797,0.0,3.0653540525966774,0.8187143384996027,5.256276,4.038245467503282,2.1822051821215114,1.906086,3.9278382745922924,1.655853715217506,1.0060593
2020-12,3.0000000000000027,-2.9624999999999995,0.0,-0.7934073549434979,-0.8703754368682811,-1.4124538,0.613335701027502,-1.5275628228980704,-5.4813266,0.16586800822651293,-1.7324986135238676,-3.749492
2021-01,16.0,-2.8888888888888884,0.0,1.064947898260451,2.561251797928826,9.525748,0.5907152911098934,2.4956130980969133,3.6052845,0.49283468768464767,1.7028751234973363,4.190881
2021-02,7.999999999999999,-2.6585365853658534,0.0,5.531355748960279,6.971646114480244,8.10204,7.821326482922934,6.27222677765097,4.439626,8.011605094267473,6.784149756684306,8.215662
2021-03,6.000000000000001,-2.5301204819277103,0.0,2.3637352177261777,5.210476852230372,8.63423,5.564975864560106,3.7407946251924242,4.0528474,5.919835630314813,4.6996631402509905,2.7244365
2021-04,22.0,-2.4285714285714284,0.0,3.200740537303879,3.5899792730684545,-1.6477,0.826323267980738,1.0715312520182545,2.0711439,0.7857950699089229,2.132310188311904,5.23502
2021-05,-6.0,-2.141176470588235,0.0,8.363866269644948,0.899960091836691,-2.5355692,5.253095189913589,0.7862038855758396,-1.246817,5.4705114644598725,0.5584287537467358,0.5734736
2021-06,-16.0,-2.186046511627907,0.0,-4.715996352211554,-6.281381947124829,-7.7047815,-5.063440779066131,-4.932325913579513,-7.0524964,-4.956305952775635,-4.45936777760715,-8.726804
2021-07,-11.0,-2.3448275862068964,0.0,-4.943567215915594,-8.408469630501484,-11.287684,-5.38554699711453,-6.567794000134376,-10.598319,-5.4154546181483205,-5.5959380352427,-8.920415
2021-08,16.0,-2.443181818181818,0.0,-4.190023927912091,-8.892127699777747,-9.599167,-4.416721659700884,-5.9936914548884515,-8.192334,-4.688730789088393,-5.879727546313439,-7.3229165
2021-09,16.0,-2.2359550561797747,0.0,1.8129849986764315,0.44963586684221163,3.4356334,1.992396847808874,3.632681390362353,3.5434997,2.8135317573658254,4.095711803052563,9.324143
2021-10,-10.0,-2.033333333333333,0.0,2.871710688614303,3.00186826154888,0.37615556,4.531116800692347,5.977724972414986,6.7845893,5.39689022026292,6.540824464747075,8.74007
2021-11,-5.0,-2.1208791208791204,0.0,-4.55123057652967,-5.974823956520621,-8.143823,-3.151751066888158,-1.94205709296837,-6.812847,-2.2186544405835904,-1.199675278374645,-4.651074
2021-12,26.0,-2.152173913043478,0.0,-2.1576063263843377,-6.154125955523432,-7.741151,-1.6297718787308113,-2.308231198567022,-0.37635005,-0.32785623312561474,-0.833012315293163,2.31673
2022-01,37.00000000000001,-1.8494623655913975,0.0,3.973501463805369,1.2375114236627682,1.4591581,4.576673857674872,3.0545778378575767,5.215531,7.240270775820184,4.278828526911744,7.0981736
2022-02,9.999999999999998,-1.4361702127659572,0.0,8.982079155596383,2.435521345285122,5.9622626,9.630731394871676,6.728833936240154,5.7706337,13.92924238533709,7.607132204073522,5.7888145
2022-03,50.0,-1.3157894736842102,0.0,-3.385947441097052,-0.05875493843123142,0.16077688,-0.24025173725933957,2.61986503954515,4.9995227,4.679212246881228,6.0892818769578,1.2257903
2022-04,24.0,-0.7812499999999997,0.0,16.228606218688366,10.458473326721677,27.905848,7.4602356217197245,2.312450711397059,8.377049,7.101353695037073,0.5065227133093314,10.004929
2022-05,54.0,-0.5257731958762883,0.0,11.721227288070798,15.12659832907459,26.290407,4.435730976916011,9.06413062405005,22.438122,2.1978296400101933,6.710079013733762,12.084802
2022-06,-35.00000000000001,0.030612244897959474,0.0,24.381756408409913,21.443596779830465,32.80755,19.729727966646333,18.406919361397957,25.97464,19.85674910989375,19.647388700363123,32.359375
2022-07,-2.0000000000000018,-0.32323232323232304,0.0,-2.203292854493602,2.993607218861264,12.697285,-2.479724049294961,1.101204711971529,4.3954177,-2.8240127275142592,3.2298816721629584,6.7211304
2022-08,72.00000000000001,-0.3399999999999998,0.0,-3.8014116422628073,1.9278738505776687,-4.3750997,-3.810975969552951,0.5956869667765234,-12.105102,-2.424408992255792,2.491273873610087,-9.337247
2022-09,35.999999999999986,0.37623762376237657,0.0,9.112900694488083,15.679347207595523,14.452236,4.128928087167887,20.90694662860657,26.412384,8.194138751040057,23.61722906899317,39.02088
2022-10,-18.999999999999996,0.7254901960784317,0.0,18.975167994244096,23.87803451196589,26.531641,20.735778770965062,23.66681490131359,17.02282,19.12725894853877,26.8613313176475,23.488623
2022-11,4.000000000000004,0.5339805825242722,0.0,1.7459127706830309,6.817493951550725,17.284172,2.043965419357839,14.507610985600872,15.054716,3.0899182482759127,19.098580839654,16.799168
2022-12,6.999999999999984,0.5673076923076926,0.0,10.97300731380317,19.04731654998406,37.02487,6.899307690046272,14.44736946959874,24.136618,11.818331696938277,19.410887469931108,27.188229
2023-01,18.000000000000014,0.6285714285714287,0.0,5.860232530094319,12.721202974580471,16.721498,7.159939765740554,11.29799143569415,11.624434,9.274954923898907,17.17292884348127,11.840487
2023-02,4.999999999999982,0.7924528301886795,0.0,14.231640738647817,16.653579196197906,22.939842,12.80094697337252,14.991207999180924,10.911431,15.747533032427677,18.19657609364266,11.532546
2023-03,-2.0000000000000018,0.8317757009345795,0.0,8.218162567025654,14.43050137089211,17.269344,10.843452559279704,12.732786354284583,9.250425,10.932204704763308,16.163341459721767,11.021822
2023-04,4.000000000000004,0.8055555555555557,0.0,2.7619494897176597,9.765104462402494,11.994413,2.9698508182411936,9.284875300412928,6.1910048,0.7079579188356147,2.60705570036948,-2.4762614
2023-05,-0.9999999999999788,0.834862385321101,0.0,5.462297707430567,10.370596856067301,18.553608,4.729464066131,10.750151633189125,21.232252,2.669552936256554,3.3171852232410646,13.859001
2023-06,10.999999999999988,0.8181818181818185,0.0,-5.087994477558121,4.77005322927112,-2.966746,1.53540694028312,9.108922690969612,19.574947,-2.708964780969294,1.2265098679264725,4.073117
2023-07,6.999999999999984,0.90990990990991,0.0,4.901606293612611,9.523982429714437,25.458569,4.69814813268923,6.409436271571311,11.39131,3.636824417823775,5.1800149807868,3.270207
2023-08,13.000000000000034,0.9642857142857143,0.0,0.9507126229748215,12.911231650701776,18.378696,4.260970100192434,8.471400890921974,9.3385105,2.338443698789295,4.6193081655061805,2.6652799
2023-09,21.0,1.0707964601769915,0.0,5.460537702243854,10.632687462929962,14.373426,5.885230297686566,7.463613959040488,8.584901,3.893471604410921,6.693842075940719,5.262227
2023-10,-26.00000000000002,1.2456140350877196,0.0,8.81119347798809,12.336148804591636,2.3274765,7.56018807596411,6.4023716323093725,-6.8366504,6.149346630109161,6.599330906278367,-3.9110098
2023-11,-54.0,1.008695652173913,0.0,-5.250323438715844,0.8730589905365652,-4.205805,1.0637424080755726,-0.37947843496686356,-9.482729,-1.4406522365430288,-0.8781470270534631,-12.570437
2023-12,9.00000000000003,0.5344827586206896,0.0,-17.042649106166184,-5.839594425283635,-10.100823,-18.463127224866138,-2.114976170470709,1.3562914,-11.965831446844135,-5.0911939265838475,-8.56375
2024-01,10.999999999999988,0.6068376068376071,0.0,7.682198244243529,9.185080891963702,13.815219,3.616829612587339,9.14041529937072,14.00796,1.9769868664005075,5.97996184172345,10.817576
2024-02,-3.000000000000025,0.6949152542372883,0.0,-6.321865940842315,4.590892184951071,5.6729207,-0.8997679064527161,8.071530658379821,4.8400507,-5.372901520955636,4.135977733768339,5.749688
2024-03,15.000000000000036,0.6638655462184873,0.0,-8.742613853633584,-2.7180975062135575,-12.55725,-9.595331693944727,2.539377335005619,-0.16759804,-4.897886493982012,-0.6626909321060244,-1.9943235
2024-04,5.999999999999961,0.7833333333333337,0.0,2.0898150516203007,4.749043315693071,-1.9138349,2.3831888082947223,1.5557633392432726,1.0523548,2.389618616648287,2.022633985035507,0.81856906
2024-05,12.00000000000001,0.8264462809917356,0.0,-5.072391871161208,3.044468221625983,0.8013972,-1.7169121453542728,-1.4001878869976785,-6.4998403,-1.7723604283057024,1.0788093504095357,-2.7483368
2024-06,-0.9999999999999788,0.918032786885246,0.0,3.151076984423604,2.105048524992683,-1.772199,2.8323273181905444,1.2840561357916187,-4.2469172,2.3255911451488522,-0.2721652450966377,-6.6913652
2024-07,-20.000000000000018,0.9024390243902441,0.0,-6.250959376388457,-1.0577360835407625,0.35595426,-4.901619020098698,1.391123815294584,8.630831,-9.209730737273246,-2.50998018161438,6.385618
2024-08,-4.000000000000004,0.7338709677419356,0.0,-6.520192405828102,-6.95699308376286,-6.3188868,-1.018738961945322,-4.940239079084754,-7.6796193,-2.897760342752771,-5.16968323008052,-12.371911
2024-09,9.00000000000003,0.6960000000000001,0.0,-3.4323496499099577,-3.1187544568783534,4.6630707,-0.5593154275849582,-2.395156126969566,0.31296635,0.042295890300677264,-2.2808145525020413,2.7489934
2024-10,9.999999999999964,0.7619047619047622,0.0,-2.908794682468642,1.6156302103065452,10.015014,0.10178311598955392,-0.32673586342417466,0.093963444,0.7703634732033603,0.2359362203048686,-0.5509291
2024-11,-8.000000000000007,0.8346456692913385,0.0,-2.9578532409375304,3.4667702549772823,5.1101956,-0.527757414384502,2.2041457116383207,-4.855262,0.45999030890889897,3.3494146873835184,0.7597536
2024-12,31.000000000000007,0.7656250000000002,0.0,-5.0963761548371505,-5.321085475045553,-12.327091,-2.1042158175341203,-4.060665275719144,-11.975883,-1.9253786061467397,-2.4181002640545355,-6.197898
2025-01,-16.999999999999993,1.0000000000000002,0.0,4.913560422043511,5.0486032692372,5.190018,3.740528335478391,6.145198059994671,11.365486,5.534396633405068,5.9325512602753,8.752277
2025-02,28.000000000000025,0.8615384615384618,0.0,-5.269485165300938,-6.855020473920613,-18.946125,-2.9532189638853517,-3.668046592943203,-1.1227047,-2.827800813040183,-1.3826621069190048,-5.775172
2025-03,-17.000000000000036,1.068702290076336,0.0,3.4555772525760813,-1.0325677143067575,-4.039298,2.915682179536251,4.754272556231391,9.995174,3.616801845030772,2.784170985365532,13.00547
2025-04,0.0,0.9318181818181817,0.0,-1.0415827640258963,-3.307394857186972,-1.7717519,0.139704002221544,-1.69048978221914,-5.9749203,-0.9944830577996825,-0.3206218075729586,-1.0540859
2025-05,-1.9999999999999571,0.9248120300751878,0.0,-1.4131720445408282,-5.708299123662955,-4.2241883,-0.1302333443039736,-6.363724501272252,-9.310847,-0.6962891083453464,-3.593167595901115,-1.0703143
2025-06,11.999999999999966,0.9029850746268658,0.0,0.11226518695217425,1.0040330997471503,2.269594,0.4672984752474514,-0.5617453216995023,-3.213204,0.5600602854697372,1.1044431547561564,3.1148968
2025-07,6.000000000000005,0.9851851851851849,0.0,0.5487124692501562,2.671586404688913,6.0804954,1.7051903753539257,9.306070307109094,17.468733,4.770766442646199,15.230167003811676,21.074175
2025-08,8.999999999999986,1.0220588235294115,0.0,0.5825229086084068,3.3231211712468047,1.7496406,0.46987712631956313,4.345132203967305,4.131967,0.7969427073432214,5.987656660719166,8.714998
2025-09,-6.999999999999984,1.0802919708029195,0.0,1.575995619687316,4.196323033095206,3.9106443,1.1439752617777037,2.16074795161002,1.9073366,1.4779065002255942,2.461578132972044,7.6332664
2025-10,0.0,1.0217391304347825,0.0,-0.4090534327491733,-2.576174904635543,-1.9482942,0.21598786797240088,-3.0190587957216124,-10.746308,0.4703794836985584,0.07537684356166331,-5.3966265
2025-11,12.00000000000001,1.0143884892086328,0.0,0.10622692224941688,-0.7312172886213094,2.61264,0.38881636542948117,-2.420498210618555,-4.203417,1.1560327057496382,2.325950849054103,2.8126793
2025-12,-3.000000000000025,1.0928571428571427,0.0,0.7129841827840571,2.542992696638935,3.2769399,0.7094645949112939,0.9644872212850798,0.12360055,1.8523066297798092,5.069261179872289,2.5890682
2026-01,-12.99999999999999,1.0638297872340423,0.0,-0.2673936144969691,1.4189001777173458,5.7978096,0.3267888742831764,0.4848831358559721,-1.0722926,1.8043481717389764,6.071630366385512,1.9317532
2026-02,24.00000000000002,0.964788732394366,0.0,-2.523543650476538,-7.380241108428883,-15.496587,-0.005785502710665247,-1.5753291289358549,-11.180319,0.8710407955072591,0.9654480947336267,-9.070857
2026-03,8.999999999999986,1.1258741258741256,0.0,4.895904758735385,0.11482906749416234,-8.191749,3.221532928083545,0.1692776205180345,-2.081498,8.73236833350358,8.621775353079588,11.49288
2026-04,1.000000000000023,1.1805555555555558,0.0,-0.1641512144734687,-4.192525352502184,-12.419693,0.3108948346599223,-4.578930348084009,-14.798761,-0.2959251891375356,-1.2813962284027236,-13.999433
2026-05,-6.000000000000005,1.1793103448275863,0.0,1.46102105335536,1.7676971697887314,3.7170537,0.9731941783612594,-0.3610919572979816,-1.5454532,0.5017249343115637,0.6563555882709492,0.86338085
2026-06,16.999999999999993,1.1301369863013702,0.0,1.6660188679732808,1.005927157993265,2.2403488,1.370800846837524,0.6500414256687015,-0.93354225,1.5642559628118344,1.089991153256956,1.1749356
2026-07,14.999999999999991,1.2380952380952384,0.0,3.5911855246798137,3.081159490532676,2.38762,2.6120200716519335,2.8987993910879877,2.9805493,3.774762653961416,2.5877857848384664,0.36807403
