mois,vinci,eiffage,bouygues,thales,dassault_aviation,cac40
2012-01,35.459999084472656,23.454999923706055,23.7549991607666,26.155000686645508,72.5,3298.550048828125
2012-02,39.084999084472656,29.8700008392334,23.8799991607666,27.094999313354492,70.99299621582031,3452.449951171875
2012-03,39.099998474121094,29.010000228881836,22.93000030517578,28.059999465942383,68.0999984741211,3423.81005859375
2012-04,35.0,25.68000030517578,20.520000457763672,26.174999237060547,69.39700317382812,3212.800048828125
2012-05,32.30500030517578,24.450000762939453,19.510000228881836,23.90999984741211,68.01899719238281,3017.010009765625
2012-06,36.78499984741211,25.46500015258789,21.200000762939453,26.020000457763672,69.0,3196.64990234375
2012-07,34.54999923706055,21.56999969482422,20.524999618530273,25.485000610351562,69.0,3291.659912109375
2012-08,34.59000015258789,24.704999923706055,19.774999618530273,26.420000076293945,70.15499877929688,3413.070068359375
2012-09,33.14500045776367,25.540000915527344,19.0,26.725000381469727,69.8499984741211,3354.820068359375
2012-10,34.14500045776367,26.5049991607666,18.55500030517578,27.135000228881836,70.0,3429.27001953125
2012-11,33.92499923706055,30.75,18.985000610351562,27.655000686645508,70.80000305175781,3557.280029296875
2012-12,35.69499969482422,33.70000076293945,22.15999984741211,26.03499984741211,74.41000366210938,3620.25
2013-01,37.525001525878906,33.05500030517578,20.90999984741211,26.514999389648438,86.0,3732.60009765625
2013-02,35.45000076293945,33.80500030517578,21.639999389648438,26.985000610351562,88.0,3723.0
2013-03,35.14500045776367,33.0099983215332,21.15999984741211,32.994998931884766,89.5,3731.419921875
2013-04,36.560001373291016,33.61000061035156,21.190000534057617,32.97999954223633,88.0199966430664,3856.75
2013-05,39.69499969482422,36.33000183105469,20.575000762939453,37.56999969482422,91.70999908447266,3948.590087890625
2013-06,38.55500030517578,36.03499984741211,19.610000610351562,35.875,91.0,3738.909912109375
2013-07,40.59000015258789,40.30500030517578,21.969999313354492,38.75,90.19999694824219,3992.68994140625
2013-08,39.06999969482422,40.130001068115234,23.665000915527344,37.279998779296875,93.0,3933.780029296875
2013-09,42.970001220703125,40.540000915527344,26.975000381469727,40.63499069213867,90.0,4143.43994140625
2013-10,47.244998931884766,43.72499084472656,28.790000915527344,45.20000076293945,90.30999755859375,4299.89013671875
2013-11,47.32500076293945,41.255001068115234,27.760000228881836,44.92499923706055,88.5,4295.2099609375
2013-12,47.720001220703125,41.849998474121094,27.420000076293945,46.79999923706055,92.79499816894531,4295.9501953125
2014-01,48.564998626708984,43.095001220703125,28.389999389648438,48.32500076293945,98.00499725341797,4165.72021484375
2014-02,54.130001068115234,51.86000061035156,29.209999084472656,48.099998474121094,99.80000305175781,4408.080078125
2014-03,53.90999984741211,54.31999969482422,30.274999618530273,48.130001068115234,101.0,4391.5
2014-04,54.34000015258789,54.45000076293945,32.415000915527344,45.849998474121094,99.80000305175781,4487.39013671875
2014-05,54.29999923706055,52.130001068115234,34.05500030517578,43.90999984741211,101.0,4519.56982421875
2014-06,54.599998474121094,49.654998779296875,30.389999389648438,44.17499923706055,110.5999984741211,4422.83984375
2014-07,51.619998931884766,48.439998626708984,29.524999618530273,42.52000045776367,113.0,4246.14013671875
2014-08,49.75,49.29999923706055,27.934999465942383,42.494998931884766,107.19999694824219,4381.0400390625
2014-09,46.005001068115234,44.15999984741211,25.665000915527344,42.17499923706055,101.0,4416.240234375
2014-10,45.474998474121094,42.3849983215332,27.549999237060547,39.59000015258789,93.4000015258789,4233.08984375
2014-11,43.474998474121094,39.1349983215332,30.2549991607666,42.66999816894531,107.9000015258789,4390.18017578125
2014-12,45.5099983215332,42.119998931884766,29.979999542236328,44.994998931884766,106.28500366210938,4272.75
2015-01,46.84000015258789,43.22999954223633,31.655000686645508,46.79999923706055,106.69499969482422,4604.25
2015-02,53.02000045776367,49.79499816894531,35.43000030517578,51.40999984741211,127.91000366210938,4951.47998046875
2015-03,53.22999954223633,55.380001068115234,36.540000915527344,51.70000076293945,112.80000305175781,5033.64013671875
2015-04,54.81999969482422,54.439998626708984,36.93000030517578,54.2400016784668,120.0,5046.490234375
2015-05,54.08000183105469,53.15999984741211,35.849998474121094,56.63999938964844,121.30999755859375,5007.89013671875
2015-06,51.880001068115234,49.900001525878906,33.53499984741211,54.15999984741211,115.05500030517578,4790.2001953125
2015-07,58.400001525878906,54.790000915527344,33.415000915527344,61.630001068115234,119.50499725341797,5082.60986328125
2015-08,57.40999984741211,57.150001525878906,33.939998626708984,61.40999984741211,115.0,4652.9501953125
2015-09,56.709999084472656,55.29999923706055,31.729999542236328,62.16999816894531,102.40499877929688,4455.2900390625
2015-10,61.380001068115234,56.75,34.46500015258789,65.93000030517578,105.30000305175781,4897.66015625
2015-11,61.560001373291016,59.54999923706055,35.630001068115234,70.47000122070312,105.40499877929688,4957.60009765625
2015-12,59.47999954223633,59.77000045776367,36.70000076293945,69.29000091552734,115.0,4677.14013671875
2016-01,62.41999816894531,63.29999923706055,36.064998626708984,70.16999816894531,110.0,4417.02001953125
2016-02,63.81999969482422,65.33000183105469,36.064998626708984,73.41000366210938,107.16999816894531,4353.5498046875
2016-03,65.47000122070312,67.5,35.849998474121094,77.0,105.45500183105469,4385.06005859375
2016-04,65.23999786376953,69.43000030517578,29.1200008392334,75.5,101.94999694824219,4428.9599609375
2016-05,67.58999633789062,66.30000305175781,29.200000762939453,77.86000061035156,98.33999633789062,4505.6201171875
2016-06,63.689998626708984,64.20999908447266,25.93000030517578,75.01000213623047,89.80500030517578,4237.47998046875
2016-07,67.88999938964844,68.7300033569336,26.459999084472656,81.48999786376953,94.8550033569336,4439.81005859375
2016-08,67.98999786376953,70.19999694824219,28.43000030517578,77.62999725341797,95.58499908447266,4438.22021484375
2016-09,68.12000274658203,69.16000366210938,29.4950008392334,81.98999786376953,98.75499725341797,4448.259765625
2016-10,65.9800033569336,67.44000244140625,29.704999923706055,85.7699966430664,99.30000305175781,4509.259765625
2016-11,61.22999954223633,62.279998779296875,32.0,92.12999725341797,103.05000305175781,4578.33984375
2016-12,64.69999694824219,66.25,34.04499816894531,92.12999725341797,106.16000366210938,4862.31005859375
2017-01,64.9000015258789,66.58000183105469,33.654998779296875,86.77999877929688,106.73500061035156,4748.89990234375
2017-02,68.01000213623047,67.41999816894531,36.369998931884766,93.0,106.8949966430664,4858.580078125
2017-03,74.30000305175781,73.41999816894531,38.154998779296875,90.66000366210938,119.19000244140625,5122.509765625
2017-04,78.0999984741211,77.76000213623047,38.595001220703125,96.5199966430664,125.46499633789062,5267.330078125
2017-05,77.7300033569336,80.94999694824219,38.130001068115234,98.31999969482422,132.75999450683594,5283.6298828125
2017-06,74.7300033569336,79.55999755859375,36.91999816894531,94.23999786376953,122.25499725341797,5120.68017578125
2017-07,75.73999786376953,81.8499984741211,36.244998931884766,93.58999633789062,126.63500213623047,5093.77001953125
2017-08,77.3499984741211,86.80000305175781,38.095001220703125,93.0,128.3300018310547,5085.58984375
2017-09,80.4000015258789,87.5999984741211,40.150001525878906,95.77999877929688,136.84500122070312,5329.81005859375
2017-10,84.05000305175781,89.69000244140625,41.21500015258789,89.4800033569336,133.89999389648438,5503.2900390625
2017-11,85.83999633789062,92.19000244140625,43.459999084472656,84.91999816894531,129.1699981689453,5372.7900390625
2017-12,85.1500015258789,91.33999633789062,43.310001373291016,89.87999725341797,129.7899932861328,5312.56005859375
2018-01,87.0,97.66000366210938,44.77000045776367,90.36000061035156,134.6999969482422,5481.93017578125
2018-02,81.31999969482422,89.0999984741211,41.65999984741211,91.54000091552734,142.6999969482422,5320.490234375
2018-03,79.9000015258789,92.4800033569336,40.709999084472656,98.94000244140625,155.10000610351562,5167.2998046875
2018-04,83.0999984741211,98.69999694824219,42.25,105.0,165.5,5520.5
2018-05,83.72000122070312,96.4000015258789,39.540000915527344,108.9000015258789,165.8000030517578,5398.39990234375
2018-06,82.36000061035156,93.18000030517578,36.90999984741211,110.3499984741211,163.1999969482422,5323.52978515625
2018-07,86.0,95.72000122070312,37.61000061035156,112.44999694824219,158.0,5511.2998046875
2018-08,82.55999755859375,96.95999908447266,38.029998779296875,121.3499984741211,160.3000030517578,5406.85009765625
2018-09,82.0199966430664,96.16000366210938,37.22999954223633,122.3499984741211,159.39999389648438,5493.490234375
2018-10,78.87999725341797,86.41999816894531,32.2400016784668,113.0,146.5,5093.43994140625
2018-11,77.0999984741211,84.0199966430664,33.959999084472656,108.30000305175781,135.0,5003.919921875
2018-12,72.0199966430664,72.95999908447266,31.34000015258789,102.0,121.0,4730.68994140625
2019-01,76.87999725341797,81.91999816894531,30.920000076293945,96.66000366210938,130.10000610351562,4992.72021484375
2019-02,83.91999816894531,85.77999877929688,33.25,108.25,148.0,5240.52978515625
2019-03,86.72000122070312,85.66000366210938,31.850000381469727,106.75,131.5,5350.52978515625
2019-04,90.0199966430664,93.0999984741211,33.540000915527344,106.44999694824219,134.89999389648438,5586.41015625
2019-05,88.45999908447266,85.58000183105469,31.329999923706055,98.55999755859375,111.69999694824219,5207.6298828125
2019-06,90.05999755859375,86.94000244140625,32.56999969482422,108.6500015258789,126.4000015258789,5538.97021484375
2019-07,93.23999786376953,89.36000061035156,32.380001068115234,102.05000305175781,124.0,5518.89990234375
2019-08,99.5,94.23999786376953,34.54999923706055,105.1500015258789,129.39999389648438,5480.47998046875
2019-09,98.81999969482422,95.12000274658203,36.75,105.5,129.8000030517578,5677.7900390625
2019-10,100.5999984741211,96.31999969482422,38.0,87.63999938964844,124.5,5729.85986328125
2019-11,98.9800033569336,99.0999984741211,37.08000183105469,88.91999816894531,123.5,5905.169921875
2019-12,99.0,102.0,37.880001068115234,92.5199966430664,117.0,5978.06005859375
2020-01,100.19999694824219,104.75,35.72999954223633,99.22000122070312,109.80000305175781,5806.33984375
2020-02,90.9800033569336,96.41999816894531,35.47999954223633,90.80000305175781,93.9000015258789,5309.89990234375
2020-03,75.4000015258789,64.5,26.719999313354492,76.37999725341797,74.9000015258789,4396.1201171875
2020-04,74.69999694824219,74.69999694824219,28.110000610351562,69.13999938964844,74.5,4572.18017578125
2020-05,83.04000091552734,82.0,27.540000915527344,68.77999877929688,76.69999694824219,4695.43994140625
2020-06,82.0,81.4000015258789,30.40999984741211,71.87999725341797,82.05000305175781,4935.990234375
2020-07,72.80000305175781,74.0,30.0,61.36000061035156,70.5,4783.68994140625
2020-08,78.58000183105469,77.22000122070312,33.25,65.5,76.25,4947.22021484375
2020-09,71.5199966430664,69.81999969482422,29.6200008392334,64.16000366210938,72.5,4803.43994140625
2020-10,67.81999969482422,62.31999969482422,28.149999618530273,55.880001068115234,71.5999984741211,4594.240234375
2020-11,85.5,82.13999938964844,33.380001068115234,77.05999755859375,86.5,5518.5498046875
2020-12,81.36000061035156,79.04000091552734,33.650001525878906,74.9000015258789,89.69999694824219,5551.41015625
2021-01,76.58000183105469,74.94000244140625,32.41999816894531,74.18000030517578,86.25,5399.2099609375
2021-02,86.04000091552734,85.16000366210938,33.560001373291016,78.44000244140625,89.30000305175781,5703.22021484375
2021-03,87.36000061035156,85.36000061035156,34.189998626708984,84.72000122070312,94.9000015258789,6067.22998046875
2021-04,91.4000015258789,91.12000274658203,35.63999938964844,84.77999877929688,90.5999984741211,6269.47998046875
2021-05,92.91999816894531,90.33999633789062,33.380001068115234,83.86000061035156,102.69999694824219,6447.169921875
2021-06,89.98999786376953,85.80000305175781,31.190000534057617,86.04000091552734,99.19999694824219,6507.830078125
2021-07,89.20999908447266,85.94000244140625,32.4900016784668,88.5,100.4000015258789,6612.759765625
2021-08,90.88999938964844,88.0199966430664,35.43000030517578,85.94000244140625,95.5,6680.18017578125
2021-09,90.1500015258789,87.68000030517578,35.900001525878906,84.16000366210938,97.4000015258789,6520.009765625
2021-10,92.37000274658203,88.95999908447266,35.0,79.66000366210938,90.25,6830.33984375
2021-11,83.66000366210938,82.22000122070312,29.950000762939453,72.4800033569336,83.5999984741211,6721.16015625
2021-12,92.91000366210938,90.45999908447266,31.489999771118164,74.80000305175781,95.0,7153.02978515625
2022-01,96.66000366210938,92.76000213623047,31.190000534057617,81.44000244140625,104.69999694824219,6999.2001953125
2022-02,94.5199966430664,91.31999969482422,32.02000045776367,102.9000015258789,134.3000030517578,6658.830078125
2022-03,92.98999786376953,93.23999786376953,31.6299991607666,113.94999694824219,143.6999969482422,6659.8701171875
2022-04,92.83999633789062,94.44000244140625,32.849998474121094,122.0,160.1999969482422,6533.77001953125
2022-05,89.68000030517578,92.0999984741211,32.130001068115234,113.5999984741211,157.6999969482422,6468.7998046875
2022-06,84.95999908447266,85.87999725341797,29.360000610351562,117.05000305175781,148.89999389648438,5922.85986328125
2022-07,93.37999725341797,91.45999908447266,29.5,121.3499984741211,139.5,6448.5
2022-08,92.25,87.86000061035156,29.299999237060547,120.1500015258789,137.0,6125.10009765625
2022-09,83.16999816894531,82.5199966430664,26.850000381469727,113.0,117.0,5762.33984375
2022-10,93.18000030517578,91.54000091552734,28.8799991607666,128.64999389648438,150.39999389648438,6266.77001953125
2022-11,96.62000274658203,93.94000244140625,29.559999465942383,122.1500015258789,151.1999969482422,6738.5498046875
2022-12,93.29000091552734,91.91999816894531,28.040000915527344,119.30000305175781,158.1999969482422,6473.759765625
2023-01,103.63999938964844,97.95999908447266,30.239999771118164,121.4000015258789,156.6999969482422,7082.419921875
2023-02,107.83999633789062,104.0,32.040000915527344,132.1999969482422,162.6999969482422,7267.93017578125
2023-03,105.72000122070312,99.73999786376953,31.09000015258789,136.35000610351562,182.60000610351562,7322.39013671875
2023-04,112.19999694824219,107.9000015258789,33.20000076293945,138.39999389648438,177.3000030517578,7491.5
2023-05,106.31999969482422,99.62000274658203,29.959999084472656,130.3000030517578,158.1999969482422,7098.7001953125
2023-06,106.37999725341797,95.58000183105469,30.760000228881836,137.1999969482422,183.39999389648438,7400.06005859375
2023-07,106.77999877929688,94.62000274658203,32.56999969482422,135.9499969482422,176.6999969482422,7497.77978515625
2023-08,102.95999908447266,91.31999969482422,31.899999618530273,134.8000030517578,181.60000610351562,7316.7001953125
2023-09,105.0199966430664,90.04000091552734,33.13999938964844,133.10000610351562,178.39999389648438,7135.06005859375
2023-10,104.4800033569336,85.69999694824219,33.209999084472656,139.14999389648438,187.5,6885.64990234375
2023-11,112.30000305175781,93.0,34.90999984741211,136.9499969482422,182.39999389648438,7310.77001953125
2023-12,113.69999694824219,97.0199966430664,34.119998931884766,133.9499969482422,179.1999969482422,7543.18017578125
2024-01,117.08000183105469,97.08000183105469,33.97999954223633,135.35000610351562,175.5,7656.75
2024-02,118.4000015258789,100.6500015258789,36.56999969482422,137.0500030517578,182.89999389648438,7927.43017578125
2024-03,118.76000213623047,105.1500015258789,37.83000183105469,158.0500030517578,204.0,8205.8095703125
2024-04,110.25,100.30000305175781,34.61000061035156,157.9499969482422,201.1999969482422,7984.93017578125
2024-05,114.44999694824219,101.3499984741211,36.0,166.64999389648438,199.0,7992.8701171875
2024-06,98.37999725341797,85.76000213623047,29.969999313354492,149.5,169.60000610351562,7479.39990234375
2024-07,105.5999984741211,92.0999984741211,31.940000534057617,146.9499969482422,186.10000610351562,7531.490234375
2024-08,108.1500015258789,94.80000305175781,32.40999984741211,152.0,194.8000030517578,7630.9501953125
2024-09,104.94999694824219,86.63999938964844,30.059999465942383,142.5500030517578,185.0,7635.75
2024-10,102.69999694824219,85.45999908447266,29.43000030517578,148.14999389648438,185.3000030517578,7350.3701171875
2024-11,99.86000061035156,85.4000015258789,28.15999984741211,141.5,188.39999389648438,7235.10986328125
2024-12,99.73999786376953,84.72000122070312,28.540000915527344,138.64999389648438,197.1999969482422,7380.740234375
2025-01,104.5,86.31999969482422,30.6299991607666,156.10000610351562,217.8000030517578,7950.169921875
2025-02,111.0999984741211,96.58000183105469,33.040000915527344,191.64999389648438,246.39999389648438,8111.6298828125
2025-03,116.30000305175781,107.25,36.40999984741211,245.60000610351562,305.0,7790.7099609375
2025-04,122.5999984741211,119.75,38.70000076293945,244.89999389648438,317.0,7593.8701171875
2025-05,125.8499984741211,121.0999984741211,38.38999938964844,267.3999938964844,318.79998779296875,7751.89013671875
2025-06,125.0999984741211,119.25,38.400001525878906,249.60000610351562,300.20001220703125,7665.91015625
2025-07,121.5999984741211,117.6500015258789,36.150001525878906,235.8000030517578,272.3999938964844,7771.97021484375
2025-08,115.9000015258789,107.5,36.63999938964844,225.1999969482422,270.0,7703.89990234375
2025-09,117.94999694824219,108.69999694824219,38.31999969482422,266.6000061035156,284.6000061035156,7895.93994140625
2025-10,115.9000015258789,106.69999694824219,39.130001068115234,246.89999389648438,278.79998779296875,8121.06982421875
2025-11,122.25,119.0,43.02000045776367,225.39999389648438,270.6000061035156,8122.7099609375
2025-12,120.05000305175781,122.4000015258789,44.349998474121094,229.8000030517578,273.79998779296875,8149.5
2026-01,121.1500015258789,124.94999694824219,45.61000061035156,256.0,319.79998779296875,8126.52978515625
2026-02,140.75,146.1999969482422,52.68000030517578,254.89999389648438,338.6000061035156,8580.75
2026-03,128.35000610351562,131.14999389648438,49.40999984741211,252.10000610351562,319.20001220703125,7816.93994140625
2026-04,128.5,137.0,50.279998779296875,233.89999389648438,296.79998779296875,8114.83984375
2026-05,125.05000305175781,124.75,50.459999084472656,239.5,304.79998779296875,8183.33984375
2026-06,127.80000305175781,129.10000610351562,48.810001373291016,224.8000030517578,287.20001220703125,8403.990234375
2026-07,122.55000305175781,123.25,48.7599983215332,245.89999389648438,298.20001220703125,8509.6396484375
2026-08,113.1500015258789,109.0,44.220001220703125,243.6999969482422,283.79998779296875,8334.5
2026-09,111.30000305175781,106.05000305175781,43.13999938964844,229.39999389648438,292.6000061035156,8077.7998046875
