effect_scale,seed,strategy,sharpe,ann_return,max_drawdown,hit_rate,event_t,ic
0.0,0,all awards,-1.4926141065317247,-0.09293340263950667,-0.5121911672278461,0.47155688622754494,-0.782276967220455,
0.0,0,gbm,-0.5450013518618486,-0.09630132621389609,-0.5457061546728654,0.47765640516385305,-0.782276967220455,0.005276168384446374
0.0,0,random 20%,-0.7022376862706439,-0.09001918087851102,-0.5189460298834663,0.4771646051379638,-0.782276967220455,
0.0,0,ridge,-0.6494485384681916,-0.09349234959334274,-0.5224899058002038,0.466000951022349,-0.782276967220455,0.020382727434306743
0.0,0,size_rule,-0.4592091319653495,-0.07893910963076778,-0.4802366167267589,0.49213911386374465,-0.782276967220455,0.005870610611122792
0.0,1,all awards,-1.5070407178542877,-0.09425953852397084,-0.5280178506118672,0.4707148203592814,0.020026276405846453,
0.0,1,gbm,-0.2152338645196458,-0.04247741754243872,-0.513327996369906,0.4925,0.020026276405846453,0.04571407348789412
0.0,1,random 20%,-0.7894630725835091,-0.09798023072791973,-0.549712709581661,0.47621313035204565,0.020026276405846453,
0.0,1,ridge,-0.3823008193019115,-0.07097538588406904,-0.4651257404374878,0.4870441458733205,0.020026276405846453,0.03484337620844728
0.0,1,size_rule,-1.1111783541647513,-0.16798298458097527,-0.7442248378829638,0.4603321033210332,0.020026276405846453,-0.0020071355597801846
0.0,2,all awards,-1.9610285140331387,-0.1240623144293751,-0.6155847452462547,0.46119150535613607,-0.14258558771681124,
0.0,2,gbm,-0.9899302534444876,-0.13356092391026209,-0.6559800235149227,0.46409298464092985,-0.14258558771681124,0.027136547230626713
0.0,2,random 20%,-1.1789786839507927,-0.14269440423410173,-0.6734984307884327,0.4594078319006686,-0.14258558771681124,
0.0,2,ridge,-0.6948212355711622,-0.10107954815268338,-0.5547668423323604,0.4715648180854822,-0.14258558771681124,0.05614206294639141
0.0,2,size_rule,-1.3856936717848074,-0.20189214504319464,-0.8014580422514542,0.4519981626090951,-0.14258558771681124,-0.027504486701751697
0.0,3,all awards,-0.8580269724844263,-0.05673265461835719,-0.4014264092618135,0.4750766871165644,1.192933087947108,
0.0,3,gbm,0.08115694493873815,0.0007755995594049825,-0.26462145922966307,0.508133971291866,1.192933087947108,0.04904608061921572
0.0,3,random 20%,-0.7434640766345757,-0.0957862063535202,-0.5704129042764887,0.46388754241396024,1.192933087947108,
0.0,3,ridge,0.007295462541645418,-0.014491930206512738,-0.41652031452530425,0.49972144846796657,1.192933087947108,0.03874327001629291
0.0,3,size_rule,-0.3918104973596768,-0.0709234982897965,-0.5364337374987215,0.4885114885114885,1.192933087947108,0.00440899570396771
0.0,4,all awards,-1.57376075721321,-0.0990973102160777,-0.5387260505482739,0.4722088430787015,-0.019641566478626055,
0.0,4,gbm,-1.0362078867344608,-0.1512069541226545,-0.7080425942038748,0.4559961315280464,-0.019641566478626055,0.0006141920957414906
0.0,4,random 20%,-1.3153684422059975,-0.15561966014993733,-0.7082453101228785,0.4627374573794447,-0.019641566478626055,
0.0,4,ridge,-0.8657187666747366,-0.12303214024541786,-0.6635862820943527,0.4722222222222222,-0.019641566478626055,0.006719758488690427
0.0,4,size_rule,-1.2450229167499456,-0.19369149158045051,-0.8029145893128686,0.47422178988326846,-0.019641566478626055,0.0026817397934161815
0.0,5,all awards,-1.023825240863298,-0.06679825176595189,-0.39954434233168656,0.47876300467691135,1.53764270223165,
0.0,5,gbm,-0.5070328087125341,-0.08985690661580825,-0.543502385558791,0.4716112531969309,1.53764270223165,-0.007271317348003881
0.0,5,random 20%,-0.9168835982638417,-0.11416321535841911,-0.58886118353108,0.4714975845410628,1.53764270223165,
0.0,5,ridge,0.26003081895480773,0.029666192196526886,-0.27783169229659677,0.5084140744518103,1.53764270223165,0.027370826140870438
0.0,5,size_rule,0.2658917878910977,0.029665988847860536,-0.2910326557328228,0.5029154518950437,1.53764270223165,0.02543951047781895
0.0,6,all awards,-1.1697249712015256,-0.0781553120412748,-0.47245344405178535,0.46664763536016746,0.13676547448282506,
0.0,6,gbm,-0.2799843283096458,-0.05208244599135137,-0.5763975441964055,0.47523295733202553,0.13676547448282506,0.01621396676999632
0.0,6,random 20%,-0.4624844753467199,-0.06510588440828613,-0.5145887597520034,0.4558184451955577,0.13676547448282506,
0.0,6,ridge,-0.739878710326919,-0.11117030291925545,-0.624497234592492,0.46248294679399726,0.13676547448282506,0.02644976094665331
0.0,6,size_rule,-0.6269816721444348,-0.10754858535288414,-0.6730881871583738,0.4689589302769819,0.13676547448282506,-0.005597998299273012
0.0,7,all awards,-1.552200489045657,-0.10152880617514304,-0.5535149472273249,0.4634789156626506,0.16650111966713668,
0.0,7,gbm,-0.6302164082475677,-0.12314481209761197,-0.6483288294616624,0.4645754461871282,0.16650111966713668,0.005845608682865968
0.0,7,random 20%,-0.6737650472693472,-0.08842922040080359,-0.529599669574623,0.467911877394636,0.16650111966713668,
0.0,7,ridge,-0.3493130707169203,-0.08053646710390339,-0.6245263925796104,0.4722698684962836,0.16650111966713668,0.026045891965111877
0.0,7,size_rule,-0.1802288099181214,-0.04257362429226608,-0.5910257728666146,0.4827902707664066,0.16650111966713668,0.0062090612340444775
0.0,8,all awards,-1.74910580386099,-0.11141053962131642,-0.5770711765662702,0.46749929037751914,-0.8563313509592976,
0.0,8,gbm,-1.1928310567430433,-0.19024067507852216,-0.801177547203489,0.4518674381904261,-0.8563313509592976,0.005561838123860961
0.0,8,random 20%,-1.225570487716802,-0.14781222173066022,-0.692526764582881,0.4574314574314574,-0.8563313509592976,
0.0,8,ridge,-0.5371366021365199,-0.10763396182843199,-0.6462630695958655,0.46261682242990654,-0.8563313509592976,0.023145933837210093
0.0,8,size_rule,-0.5380547682054913,-0.09441873798973566,-0.5655783405400924,0.478921568627451,-0.8563313509592976,0.004142481649798506
0.0,9,all awards,-1.647928982046203,-0.10501214141913762,-0.5612938344886094,0.4669079135320446,-0.6917266686826807,
0.0,9,gbm,-0.24214373216026733,-0.05076265444132555,-0.4392547148151623,0.4858426966292135,-0.6917266686826807,0.03639797555393383
0.0,9,random 20%,-0.8237875758690074,-0.10903176498270017,-0.6009231079917134,0.47297297297297297,-0.6917266686826807,
0.0,9,ridge,-0.3688347958044458,-0.06442109113883909,-0.38401180498070264,0.4805472424112869,-0.6917266686826807,0.029759849391905128
0.0,9,size_rule,-0.29010948494348443,-0.057004393078174176,-0.44237291017794544,0.4802286803239638,-0.6917266686826807,0.0038204427631617116
0.0,10,all awards,-2.0022309800715647,-0.12353356902280399,-0.6295972929633076,0.4626132930513595,-0.3234798589915522,
0.0,10,gbm,-0.7634510523598746,-0.11203349900368154,-0.6228758211558771,0.46271604938271604,-0.3234798589915522,0.014045844647731134
0.0,10,random 20%,-1.2507898355505571,-0.14620787646735767,-0.6833518060749225,0.4548511047070125,-0.3234798589915522,
0.0,10,ridge,-1.4276477272879986,-0.19976807276839115,-0.8168515792553761,0.45553047404063207,-0.3234798589915522,0.037590922079942087
0.0,10,size_rule,-0.6452519956473658,-0.10311629580961978,-0.6073614882191032,0.4741170778906628,-0.3234798589915522,0.019697390173609376
0.0,11,all awards,-1.1156351155491908,-0.07288999881434577,-0.4796425403177249,0.47526902020011325,1.9683396773435788,
0.0,11,gbm,-0.43770188092434487,-0.07253740780200368,-0.5713150417645549,0.4915254237288136,1.9683396773435788,0.018605591318676444
0.0,11,random 20%,-0.33329766629274854,-0.051046655616643566,-0.4404844766242444,0.4844274077623383,1.9683396773435788,
0.0,11,ridge,-0.7786326402459994,-0.1346354807626695,-0.682947520755077,0.4942184154175589,1.9683396773435788,0.035730610222885095
0.0,11,size_rule,0.029942862512157015,-0.007701875738093555,-0.502023536690968,0.49485981308411214,1.9683396773435788,0.004372842998456088
0.0,12,all awards,-2.122247605193325,-0.1387983177555311,-0.6760778369549512,0.4604615966704502,-1.5724854112524684,
0.0,12,gbm,-1.295158124875019,-0.20813234596025443,-0.8175316747546082,0.4451378055122205,-1.5724854112524684,0.0075453544499192084
0.0,12,random 20%,-0.8104319815936225,-0.10758396711904727,-0.5974739547074521,0.46452540747842763,-1.5724854112524684,
0.0,12,ridge,-1.5332630189116843,-0.20229496669004776,-0.8201930080458623,0.43881033642125794,-1.5724854112524684,0.0230580805902793
0.0,12,size_rule,-1.5182893735513328,-0.2203393434296178,-0.8433465923436044,0.44874274661508706,-1.5724854112524684,-0.009462465438834654
0.0,13,all awards,-0.8801239072214643,-0.05925235303578913,-0.4173688247141031,0.4748729531338227,0.5962206522519315,
0.0,13,gbm,-0.4759652465503334,-0.08458466815192534,-0.5824470203396537,0.47801920161697825,0.5962206522519315,0.011202872132246116
0.0,13,random 20%,-0.21372923017534246,-0.03429424621326249,-0.5152732299578064,0.47396082178690874,0.5962206522519315,
0.0,13,ridge,-0.40263353344061725,-0.06956157936928398,-0.48154168113351103,0.4703196347031963,0.5962206522519315,0.04211660133147944
0.0,13,size_rule,-0.521603813819366,-0.0912189478960258,-0.6270377802263203,0.47117675083373034,0.5962206522519315,-0.0014558027561876275
0.0,14,all awards,-1.411503754619183,-0.09484246147254927,-0.5253450752096296,0.4646077114905045,0.30456739260657006,
0.0,14,gbm,0.05857035595000334,-0.003346875760287804,-0.4035003789581364,0.4802284710017575,0.30456739260657006,0.026140613021584973
0.0,14,random 20%,-0.523391239365471,-0.07883876134646084,-0.570796762336311,0.46534173533688805,0.30456739260657006,
0.0,14,ridge,-0.2230557815067842,-0.04399486932073715,-0.41673987589602457,0.4686125549780088,0.30456739260657006,0.028754042971078725
0.0,14,size_rule,-0.8427172390627251,-0.1292458884188734,-0.6515571115321314,0.4537037037037037,0.30456739260657006,-0.0031400710211211685
0.0,15,all awards,-1.3681431764802012,-0.0875259843699292,-0.49716661920921446,0.47121168719564593,-0.7344042091980004,
0.0,15,gbm,-0.34611363376385906,-0.058498131606447346,-0.45776323583687883,0.4774600096946195,-0.7344042091980004,0.034075985237330124
0.0,15,random 20%,-0.33088843454392225,-0.04946301274092735,-0.44463468321847466,0.4711864406779661,-0.7344042091980004,
0.0,15,ridge,0.22829312521273085,0.023781571254725353,-0.38736233670197473,0.4802899864068872,-0.7344042091980004,0.035575832319060516
0.0,15,size_rule,-0.1141066720118882,-0.029054237096009516,-0.4192605191875467,0.4975633528265107,-0.7344042091980004,0.007929910829945926
0.0,16,all awards,-0.9850636775283435,-0.06473744906107948,-0.3978477002742361,0.4806671721000758,0.07072945918902446,
0.0,16,gbm,-0.24028962182434177,-0.054660724362362245,-0.45114211964840756,0.47142048670062253,0.07072945918902446,0.015423079170834866
0.0,16,random 20%,-0.09566417190916617,-0.01945258431387531,-0.3297157194274849,0.49759384023099135,0.07072945918902446,
0.0,16,ridge,-0.18949276527497058,-0.04987438422339219,-0.485820235013917,0.48150470219435737,0.07072945918902446,0.022622559684755288
0.0,16,size_rule,0.09994795777208242,0.003841487655722231,-0.31829154583617414,0.49952516619183285,0.07072945918902446,0.005932558639954766
0.0,17,all awards,-1.534817390476361,-0.09856969822336958,-0.5382070723736058,0.4710275073258342,-0.38742943095398286,
0.0,17,gbm,-0.8551393646949917,-0.13268940999475443,-0.6728712719252279,0.4681665868836764,-0.38742943095398286,0.011059991446593592
0.0,17,random 20%,-0.731541906430824,-0.09562344249866594,-0.599545152198295,0.46948582412301776,-0.38742943095398286,
0.0,17,ridge,-0.8589334766641757,-0.13430880805306467,-0.6665359600690748,0.4705394190871369,-0.38742943095398286,0.013259652290544028
0.0,17,size_rule,-0.3096221572373053,-0.056037635249029494,-0.5103083730452653,0.487453531598513,-0.38742943095398286,0.0011444755218399556
0.0,18,all awards,-1.3097411263145766,-0.0876069697441717,-0.5070820967550168,0.4706954436450839,0.08082704608120436,
0.0,18,gbm,-0.7417514234735801,-0.11208505007343772,-0.6336312780998261,0.46418219461697724,0.08082704608120436,0.011715132228964578
0.0,18,random 20%,-0.6148620086634619,-0.0862000124133997,-0.5590743886832229,0.48661800486618007,0.08082704608120436,
0.0,18,ridge,-0.6776615722668787,-0.08889250542707283,-0.5300512674859055,0.48101706722396376,0.08082704608120436,0.04984813330547482
0.0,18,size_rule,-0.3676725678985134,-0.07155466477911476,-0.49791008625753985,0.4625422909618173,0.08082704608120436,0.0015877721167009032
0.0,19,all awards,-1.620773819069308,-0.1025924073244514,-0.5751607919440668,0.461430706014195,0.11179723024105015,
0.0,19,gbm,-0.7922931457528789,-0.13131110552079306,-0.6714490868985565,0.4543269230769231,0.11179723024105015,0.006897433404858865
0.0,19,random 20%,-0.8077381677620509,-0.10766279018889524,-0.6072359735950017,0.45829383886255926,0.11179723024105015,
0.0,19,ridge,-0.23001019217226099,-0.05308761599463108,-0.5587493787413559,0.46684350132625996,0.11179723024105015,0.02515570082049113
0.0,19,size_rule,-0.5726140359746051,-0.09822998134338634,-0.5676504977698624,0.467438494934877,0.11179723024105015,0.014843123189366555
0.15,0,all awards,-0.6696494512770462,-0.043876153131777396,-0.2860644327738233,0.484187874251497,0.7884771706391641,
0.15,0,gbm,-0.1602062819114138,-0.04371753591684724,-0.3539799208778057,0.5059288537549407,0.7884771706391641,0.015635652272143627
0.15,0,random 20%,-0.30036733091827306,-0.0437623914665366,-0.33573155912681374,0.4900095147478592,0.7884771706391641,
0.15,0,ridge,-0.22649261397854814,-0.04363008196112528,-0.3564178385388699,0.4824976348155156,0.7884771706391641,0.022578120947811815
0.15,0,size_rule,0.4530953187169983,0.059563684774613046,-0.2709327894569218,0.523582658408766,0.7884771706391641,0.02346636851825746
0.15,1,all awards,-0.6346032133609723,-0.04196819356397652,-0.32477509254432346,0.4848428143712575,1.6737266351325926,
0.15,1,gbm,0.5897811472319748,0.0859683071455255,-0.3154234464181569,0.511520737327189,1.6737266351325926,0.04424376302288578
0.15,1,random 20%,-0.31335171033730463,-0.044328237550594896,-0.3661417187811248,0.4938154138915319,1.6737266351325926,
0.15,1,ridge,-0.12442853884924224,-0.03304053282140296,-0.4339558616134189,0.5021562050790609,1.6737266351325926,0.03575747577872939
0.15,1,size_rule,-0.18802194894675225,-0.04031923150867334,-0.48005036114324817,0.4981549815498155,1.6737266351325926,0.016930948990684182
0.15,2,all awards,-1.153369845278138,-0.07587235683459492,-0.4381150734445567,0.47293741777861303,1.4544670606121615,
0.15,2,gbm,-0.3029155651279441,-0.0513327565618914,-0.4232613570518311,0.4766395199314188,1.4544670606121615,0.026216521831162805
0.15,2,random 20%,-0.7764616866530137,-0.09895921280499231,-0.5326611612627156,0.47373447946513847,1.4544670606121615,
0.15,2,ridge,-0.7456072461910086,-0.1215728385258219,-0.6204278552834748,0.47944720056697376,1.4544670606121615,0.04768488642744447
0.15,2,size_rule,-0.4975213121959226,-0.08470165283741382,-0.4744685153147358,0.47955902618282037,1.4544670606121615,-0.010106719883147552
0.15,3,all awards,-0.04031496661440263,-0.0047772644441306245,-0.20248722693655363,0.48744248466257667,2.8964075075556193,
0.15,3,gbm,0.5238629483151833,0.07606767764616484,-0.22444514473146104,0.5237575095576188,2.8964075075556193,0.04950987529081142
0.15,3,random 20%,-0.3015982807250305,-0.04448948460499769,-0.4253852290671519,0.47552108579738245,2.8964075075556193,
0.15,3,ridge,0.4593709309317614,0.06465493734315975,-0.2771192610440244,0.5140650854936569,2.8964075075556193,0.047786999911947396
0.15,3,size_rule,0.5156361096070282,0.07082087833145767,-0.23397452666642837,0.51998001998002,2.8964075075556193,0.023581402640585263
0.15,4,all awards,-0.7033200050082632,-0.04670527435612992,-0.31965612502837937,0.48559868991426647,1.6492040855451184,
0.15,4,gbm,-0.014881200253834223,-0.01281251823817331,-0.343049108507932,0.4903796151846074,1.6492040855451184,0.004488179295356268
0.15,4,random 20%,-0.8155042186325719,-0.102320359899566,-0.5453907931582793,0.4719922065270336,1.6492040855451184,
0.15,4,ridge,-0.718507223893632,-0.11356995299734429,-0.6083107805478838,0.486038807382868,1.6492040855451184,0.018742042762056405
0.15,4,size_rule,-0.2888078401708536,-0.05832838306326238,-0.45563701756748876,0.5068093385214008,1.6492040855451184,0.02301045091768362
0.15,5,all awards,-0.17071282432612392,-0.013234625266535738,-0.19114326969056428,0.491266583945786,3.1780947160564046,
0.15,5,gbm,0.21696747950564518,0.022069080700843013,-0.42752398366582123,0.5091743119266054,3.1780947160564046,0.016930527218928283
0.15,5,random 20%,-0.48813345189869484,-0.06586969804860632,-0.4337338861027583,0.4859903381642512,3.1780947160564046,
0.15,5,ridge,0.846120778214239,0.13805850221542948,-0.26955432134170365,0.5246568378240977,3.1780947160564046,0.0426153803891417
0.15,5,size_rule,1.1668609884354189,0.185017751190943,-0.22954751972596543,0.532069970845481,3.1780947160564046,0.04461885288856347
0.15,6,all awards,-0.3446478995222024,-0.02525825743887955,-0.3127803653834659,0.48006470644209726,1.7861378803361394,
0.15,6,gbm,0.6668360242796597,0.09183812255256663,-0.20282029320110995,0.5084348641049672,1.7861378803361394,0.02466899539362257
0.15,6,random 20%,-0.04524463809216312,-0.013830537694643708,-0.41330042335315265,0.4688556253017866,1.7861378803361394,
0.15,6,ridge,0.054169974676950255,-0.004313804888077866,-0.4762364826878752,0.4890032756200281,1.7861378803361394,0.03138559819647653
0.15,6,size_rule,0.2558570053761246,0.0287378146225441,-0.38862204061937433,0.497134670487106,1.7861378803361394,0.013127604653875627
0.15,7,all awards,-0.6899384522296057,-0.0477723041813608,-0.33481778354184166,0.48023343373493976,1.876619838001226,
0.15,7,gbm,-0.039177832932973645,-0.02858027344454217,-0.45790753401365536,0.4935483870967742,1.876619838001226,-0.00744431995103547
0.15,7,random 20%,-0.2218315461986908,-0.03518518792842118,-0.3699088925962575,0.4827586206896552,1.876619838001226,
0.15,7,ridge,-0.13594119687152553,-0.04316720214616232,-0.5802318269857563,0.49332621462893755,1.876619838001226,0.032822614668513196
0.15,7,size_rule,0.7155825077663917,0.11061740469556414,-0.3758556380455844,0.5181275814593851,1.876619838001226,0.0249233305074163
0.15,8,all awards,-0.9373055332113535,-0.062265460195086386,-0.3800563965780902,0.4791370990632983,0.7902054735464626,
0.15,8,gbm,-0.32721532031905387,-0.06570207099062897,-0.4883529621208016,0.4867162592986185,0.7902054735464626,0.020795736747045386
0.15,8,random 20%,-0.8018436881432821,-0.10163271220327497,-0.5593962444848573,0.46993746993746993,0.7902054735464626,
0.15,8,ridge,-0.08177745553260898,-0.028997373255916892,-0.38781553432992744,0.48440748440748443,0.7902054735464626,0.036053227712665024
0.15,8,size_rule,0.35096259598910035,0.04431082374618356,-0.24505532159007604,0.5058823529411764,0.7902054735464626,0.023813767895187948
0.15,9,all awards,-0.8307055099866769,-0.05554560441186229,-0.35474746988938943,0.4771926483192077,0.8990510176936228,
0.15,9,gbm,0.44260365127358936,0.054228521104710437,-0.27817874939221443,0.511101243339254,0.8990510176936228,0.042439291397793046
0.15,9,random 20%,-0.415597857681302,-0.06057615614217171,-0.432924418528047,0.4831081081081081,0.8990510176936228,
0.15,9,ridge,0.47515906426039006,0.06132863543591127,-0.20683256904116865,0.4957228400342173,0.8990510176936228,0.03983035967215617
0.15,9,size_rule,0.5894751144033672,0.08474835850059481,-0.30264884055880037,0.5011910433539781,0.8990510176936228,0.021064040944486696
0.15,10,all awards,-1.2093489697702404,-0.07735822133245807,-0.4676898173110209,0.474131419939577,1.247189634242187,
0.15,10,gbm,-0.220907146593252,-0.042871210756678324,-0.40317541312540084,0.4731810939989379,1.247189634242187,0.0038456705351159193
0.15,10,random 20%,-0.8172863707191887,-0.10036543267016429,-0.5392189916199888,0.46493756003842457,1.247189634242187,
0.15,10,ridge,-0.020584897894992245,-0.015378221901239497,-0.4017816465242441,0.4806094182825485,1.247189634242187,0.04639890278727353
0.15,10,size_rule,0.24305846561166755,0.025612090657845643,-0.25990067940618833,0.5031446540880503,1.247189634242187,0.03680650870771974
0.15,11,all awards,-0.26187717734017363,-0.019262383181531284,-0.30095730052388203,0.48612422125731547,3.6473732263661303,
0.15,11,gbm,0.08259277038430575,0.0008361732219677176,-0.43129868049968967,0.5023160061760165,3.6473732263661303,0.020185184869444903
0.15,11,random 20%,0.09498448570312013,0.0038310575297046956,-0.2991738200729983,0.49832295160517487,3.6473732263661303,
0.15,11,ridge,0.1989274177822251,0.019496589310682877,-0.3772052726620648,0.5085264538696983,3.6473732263661303,0.04580572500466672
0.15,11,size_rule,0.9538647939327997,0.14899672120588536,-0.2955162559882524,0.5186915887850467,3.6473732263661303,0.0234847221626362
0.15,12,all awards,-1.3277105849088031,-0.09009045599512167,-0.5256321447355582,0.4722852818766553,0.05821762119690403,
0.15,12,gbm,-0.1532408955961632,-0.03506076747090292,-0.4041799330322189,0.47557172557172556,0.05821762119690403,0.01433998657170423
0.15,12,random 20%,-0.38127639866806323,-0.056363042114184414,-0.4114751188824922,0.4793863854266539,0.05821762119690403,
0.15,12,ridge,-1.2968777546210921,-0.19157033383912903,-0.8002314339031955,0.44193857965451055,0.05821762119690403,0.029343350461646784
0.15,12,size_rule,-0.5880481814243392,-0.09899506963513616,-0.5727920888250491,0.47775628626692457,0.05821762119690403,0.009684238571699314
0.15,13,all awards,-0.04870302497741597,-0.005468401303043935,-0.2343882776057632,0.48898927159796723,2.1879403763970195,
0.15,13,gbm,0.2857116302572133,0.03312056176200673,-0.2646568854613446,0.5073417721518987,2.1879403763970195,0.007072684690371784
0.15,13,random 20%,0.24522823379162903,0.023234187694225694,-0.40330200590177356,0.4906832298136646,2.1879403763970195,
0.15,13,ridge,0.14149478446594713,0.010000847351671949,-0.3268762416916162,0.49096385542168675,2.1879403763970195,0.05231238471011488
0.15,13,size_rule,0.42915760623423566,0.05707367191917534,-0.32365661069990914,0.5021438780371605,2.1879403763970195,0.017430328667580302
0.15,14,all awards,-0.6186664678998121,-0.04397522311700086,-0.31428380841655523,0.47726836754268176,1.9390569306711392,
0.15,14,gbm,0.3355393769901654,0.04155638951979035,-0.40978939690428895,0.492320819112628,1.9390569306711392,0.02401188938553592
0.15,14,random 20%,-0.10910208083468323,-0.024439883670897444,-0.3967049197224658,0.4813378574890936,1.9390569306711392,
0.15,14,ridge,0.17264164665321458,0.014896109460472484,-0.39436572549355875,0.4789071916432302,1.9390569306711392,0.03535445524268648
0.15,14,size_rule,0.1121494667537808,0.005561652216851787,-0.2984041965612113,0.4842592592592593,1.9390569306711392,0.01653922740451239
0.15,15,all awards,-0.5114910701993565,-0.035015674873236646,-0.2637641149466825,0.48333810751456124,0.9750680743968841,
0.15,15,gbm,0.42926881244272597,0.05507196281147264,-0.28957109418854643,0.5027349577324715,0.9750680743968841,0.042226937176205195
0.15,15,random 20%,0.0648524593551663,0.00010423531377989903,-0.3148913765527077,0.4837772397094431,0.9750680743968841,
0.15,15,ridge,0.817885459192268,0.123247267348076,-0.23625876511209298,0.5011462631820266,0.9750680743968841,0.04577939504090916
0.15,15,size_rule,0.8291220265279738,0.12362089169610946,-0.1930481496273876,0.5224171539961013,0.9750680743968841,0.02603088712594111
0.15,16,all awards,-0.17777973079895562,-0.013741423604592184,-0.19113753419116986,0.4917551175132676,1.6944994371226605,
0.15,16,gbm,0.039884063158565915,-0.006614735750251843,-0.3416717864781912,0.49782372143634385,1.6944994371226605,0.02384093295795794
0.15,16,random 20%,0.32502078271323875,0.03323285719366709,-0.24036610092470545,0.5105871029836381,1.6944994371226605,
0.15,16,ridge,0.7678593269783317,0.15392780785086657,-0.32090767083173743,0.5110837438423645,1.6944994371226605,0.03325917578632419
0.15,16,size_rule,1.0271095828169643,0.15162053947657927,-0.15688086021260916,0.5256410256410257,1.6944994371226605,0.024235244759771606
0.15,17,all awards,-0.7080473104094481,-0.04786455468134709,-0.32558246257077883,0.48359958408167125,1.2240366740484028,
0.15,17,gbm,0.15191553929991758,0.011551713807324226,-0.34012037523661653,0.5004798464491362,1.2240366740484028,0.025744170359175256
0.15,17,random 20%,-0.30122404808693076,-0.045012677136353374,-0.48915701685768453,0.48678519942335413,1.2240366740484028,
0.15,17,ridge,-0.11637759093606989,-0.028057529006076054,-0.355710317735106,0.49369747899159666,1.2240366740484028,0.029139577081911228
0.15,17,size_rule,0.645305968748304,0.08938302745393933,-0.20661802159010634,0.5176579925650557,1.2240366740484028,0.02054693687618823
0.15,18,all awards,-0.504914520993236,-0.03604194276217665,-0.28353864809790474,0.4831654676258993,1.7374950660125965,
0.15,18,gbm,0.18166743045382142,0.016075141324295883,-0.348253167911618,0.4800488599348534,1.7374950660125965,0.01625379549423527
0.15,18,random 20%,-0.18924212286454245,-0.03335050749994717,-0.363607512796413,0.4968369829683698,1.7374950660125965,
0.15,18,ridge,0.06966265574603842,0.0007639535927261853,-0.34712861692594144,0.4969740121039516,1.7374950660125965,0.06047691374126859
0.15,18,size_rule,0.5104731394747247,0.07307548644791084,-0.251406135280536,0.49782503624939584,1.7374950660125965,0.02028690143210446
0.15,19,all awards,-0.7886678399673438,-0.05238835370337547,-0.3969252004723264,0.4750653716847217,1.8058456138970391,
0.15,19,gbm,0.4300868180135689,0.05882365442671267,-0.46272828538039923,0.48312611012433393,1.8058456138970391,0.018403021668412674
0.15,19,random 20%,-0.3846051324660793,-0.05698771421632787,-0.48048487881742796,0.476303317535545,1.8058456138970391,
0.15,19,ridge,0.47770572403435774,0.07691709731095919,-0.29670862670139464,0.49,1.8058456138970391,0.035273641811996645
0.15,19,size_rule,0.3433951519646278,0.0427669291060806,-0.27805647491640906,0.5031355523396044,1.8058456138970391,0.03392365544104793
0.3,0,all awards,0.15361986765306693,0.007816431887856856,-0.151087510529181,0.4945733532934132,2.3466565780553292,
0.3,0,gbm,0.37927395839613315,0.048836816785293946,-0.24925867150655212,0.5128571428571429,2.3466565780553292,0.019394255865877796
0.3,0,random 20%,0.10071653152873075,0.004815007023153406,-0.30185207342615816,0.4961941008563273,2.3466565780553292,
0.3,0,ridge,0.5065650091624657,0.06533812770661962,-0.23679856968685165,0.5127719962157048,2.3466565780553292,0.03839959370732506
0.3,0,size_rule,1.3567111940910448,0.21869865044106596,-0.14191734236661324,0.5502620295378752,2.3466565780553292,0.04029013823302067
0.3,1,all awards,0.2376538624792363,0.013321412630985074,-0.1511272629182241,0.4978480538922156,3.306308874669252,
0.3,1,gbm,0.7036859470359057,0.10194914470505156,-0.278454156904262,0.5129584352078239,3.306308874669252,0.04904811725503998
0.3,1,random 20%,0.1628524520255127,0.01247291335146028,-0.266466932685669,0.5061845861084682,3.306308874669252,
0.3,1,ridge,0.755694272725585,0.11359246727971861,-0.3186780951481133,0.5191754554170661,3.306308874669252,0.04925132544311407
0.3,1,size_rule,0.7299707876009618,0.10675668579070385,-0.3600013832087857,0.525830258302583,3.306308874669252,0.0351462498270309
0.3,2,all awards,-0.34708475917768755,-0.025049836824267646,-0.2177201819381841,0.4842134937041909,3.0359929518610684,
0.3,2,gbm,0.12037501595373572,0.007069285349574406,-0.22421579700402494,0.488034188034188,3.0359929518610684,0.025585000883755493
0.3,2,random 20%,-0.37479066294508595,-0.05302214496522428,-0.33478156993266717,0.48567335243553006,3.0359929518610684,
0.3,2,ridge,-0.46292260154448195,-0.0808457657247742,-0.5692498469786995,0.4912854030501089,3.0359929518610684,0.04894920588070243
0.3,2,size_rule,0.39098093424298047,0.04953268782818521,-0.2752593675580053,0.5043638033991732,3.0359929518610684,0.007030223960282445
0.3,3,all awards,0.7766454155841561,0.05002078121145037,-0.0796973649979128,0.4987538343558282,4.572951719018869,
0.3,3,gbm,1.1647679561711777,0.21278931977046933,-0.3600710040836127,0.5443548387096774,4.572951719018869,0.06418038318958738
0.3,3,random 20%,0.13960729397770405,0.009676118546963597,-0.23963637421380302,0.4866698982064954,4.572951719018869,
0.3,3,ridge,1.5046190112903934,0.2521627663657793,-0.17748566474609317,0.5408872260823089,4.572951719018869,0.062095878636299624
0.3,3,size_rule,1.4182533050169293,0.23399189677393784,-0.15932879078162765,0.5464535464535465,4.572951719018869,0.0419474299793439
0.3,4,all awards,0.16570163976614236,0.008713034415240406,-0.13766226562280148,0.4986032174164339,3.2967224587779365,
0.3,4,gbm,0.647741292194169,0.08920395979852702,-0.2528567035044359,0.5048994326972667,3.2967224587779365,0.025440523579454727
0.3,4,random 20%,-0.31674865118249307,-0.045703640192460204,-0.3895157559154966,0.4934242571846079,3.2967224587779365,
0.3,4,ridge,0.6257634060574305,0.08917023249223743,-0.31388540940263987,0.533806146572104,3.2967224587779365,0.04058919732727599
0.3,4,size_rule,0.6640823453150925,0.09955625615940256,-0.1907726365092568,0.5398832684824902,3.2967224587779365,0.04280137466668436
0.3,5,all awards,0.679593847215388,0.043382255504713196,-0.07600505799018575,0.5040565047246349,4.793216453887372,
0.3,5,gbm,1.3533229102654907,0.2319240673609062,-0.243654058525695,0.5409919028340081,4.793216453887372,0.03744438981645527
0.3,5,random 20%,-0.05957678727542089,-0.014977987776176871,-0.31545861854741264,0.49516908212560384,4.793216453887372,
0.3,5,ridge,1.8120216763411392,0.3227261353234234,-0.1611433647714252,0.5607803901950975,4.793216453887372,0.06250144610210465
0.3,5,size_rule,2.053797117813574,0.3635929855927509,-0.18397498990226457,0.5641399416909622,4.793216453887372,0.06263688747655279
0.3,6,all awards,0.47960064462241403,0.03065281873887926,-0.16294094482495736,0.4929108383290513,3.414943229629681,
0.3,6,gbm,1.2259200492537017,0.19839433330335443,-0.23860602790261098,0.5200774068698597,3.414943229629681,0.029529634335193348
0.3,6,random 20%,0.37181863014223604,0.04021929069100727,-0.29472267434932686,0.48189280540801543,3.414943229629681,
0.3,6,ridge,0.594239071510174,0.08614239513276511,-0.40131362821817174,0.5052083333333334,3.414943229629681,0.04236118323806252
0.3,6,size_rule,1.1325362746559973,0.18563794333401273,-0.21951603561218358,0.5291308500477555,3.414943229629681,0.031206849382498462
0.3,7,all awards,0.16853840644853244,0.009179196056897654,-0.18693900880703362,0.4935993975903614,3.5620156418109015,
0.3,7,gbm,0.6961892018093752,0.12080004897608276,-0.23949601923836839,0.5164718384697131,3.5620156418109015,0.00883918246416475
0.3,7,random 20%,0.22891201289518953,0.021131619549859204,-0.25521612145912653,0.4990421455938697,3.5620156418109015,
0.3,7,ridge,0.8029004531930376,0.13510734129750746,-0.26660387736347757,0.5240263024785028,3.5620156418109015,0.04752266933605614
0.3,7,size_rule,1.6015721378936856,0.28810678179809934,-0.20575147936432892,0.5479577787976135,3.5620156418109015,0.043048012675399996
0.3,8,all awards,-0.12477580868018781,-0.01042105762543677,-0.1734733814622429,0.4930456996877661,2.419281472406133,
0.3,8,gbm,0.25377757704948795,0.028676742802535404,-0.22304461426891986,0.5120167189132706,2.419281472406133,0.026552557232737594
0.3,8,random 20%,-0.3766242814193939,-0.05298364755159202,-0.37853430582304537,0.4829244829244829,2.419281472406133,
0.3,8,ridge,1.0117751855534616,0.16895744987660288,-0.1620768270082501,0.5235235235235235,2.419281472406133,0.0520055104658328
0.3,8,size_rule,1.2397668575891427,0.20410100333930403,-0.16023425849059936,0.5426470588235294,2.419281472406133,0.043018355573703884
0.3,9,all awards,-0.01753123939773847,-0.003364074104782122,-0.1986241893893912,0.48900104751928386,2.4717363402124146,
0.3,9,gbm,1.075482588871386,0.15291520741346476,-0.2468982268844594,0.5222323049001815,2.4717363402124146,0.05476783521251055
0.3,9,random 20%,-0.008268626749032676,-0.0095198725004354,-0.29720324079432914,0.4966216216216216,2.4717363402124146,
0.3,9,ridge,1.2403787185996447,0.1894951299017238,-0.12955275728949578,0.5173010380622838,2.4717363402124146,0.05206798965486996
0.3,9,size_rule,1.4586309494353515,0.24760729151734462,-0.20872252614273112,0.5283468318246785,2.4717363402124146,0.03795834690624094
0.3,10,all awards,-0.4167533249472931,-0.028766888229447063,-0.23709198482487837,0.48536631419939574,2.802065080240731,
0.3,10,gbm,0.4308977862496378,0.05407687816774809,-0.21871161762792268,0.49894625922023184,2.802065080240731,0.017674475820987096
0.3,10,random 20%,-0.3828978685978381,-0.052097419637378795,-0.32966068373390867,0.4750240153698367,2.802065080240731,
0.3,10,ridge,0.9785346453443737,0.1491490878541779,-0.2146387314733167,0.5216165413533834,2.802065080240731,0.06008919262551809
0.3,10,size_rule,1.1293100290060234,0.17264940800095752,-0.2176975720243689,0.5312046444121916,2.802065080240731,0.05311641352142476
0.3,11,all awards,0.5886654570229507,0.03744579248815305,-0.20099520272071536,0.5008495374740419,5.2983823409693045,
0.3,11,gbm,1.0960943993796224,0.1871397883825885,-0.21924447509928535,0.5402920497566251,5.2983823409693045,0.03652001062559521
0.3,11,random 20%,0.5216762304246565,0.06183828982750694,-0.23074485650506205,0.513176808816483,5.2983823409693045,
0.3,11,ridge,1.5725321752309878,0.2787090637859766,-0.1872855522040826,0.5432263814616756,5.2983823409693045,0.055790778004984595
0.3,11,size_rule,1.865494380942359,0.3302165193803279,-0.15440907749091837,0.547196261682243,5.2983823409693045,0.041233973628259084
0.3,12,all awards,-0.5328645400447745,-0.038647565684725604,-0.3054112918618018,0.48429814604615967,1.6743464272434587,
0.3,12,gbm,0.3981191586950311,0.053649828834543056,-0.2391660542293298,0.5059864653826133,1.6743464272434587,0.04963610748284541
0.3,12,random 20%,0.047912353767558674,-0.002242105479612344,-0.27333777813744387,0.48801534036433364,1.6743464272434587,
0.3,12,ridge,-0.12645431420642705,-0.030398399921242603,-0.38671329695055323,0.48634403449928126,1.6743464272434587,0.04244746023586175
0.3,12,size_rule,0.33408528128920356,0.04105952894886422,-0.17371318011710057,0.5072533849129593,1.6743464272434587,0.02893773301439891
0.3,13,all awards,0.7825628896646244,0.05137006948555012,-0.11849934984372379,0.5003764351590438,3.7582789274642527,
0.3,13,gbm,0.7595745016344163,0.12118472706697947,-0.29134088611485576,0.5137389597644749,3.7582789274642527,0.020534054974663814
0.3,13,random 20%,0.7022451183144808,0.08413488269200298,-0.3082280024387667,0.5040611562350693,3.7582789274642527,
0.3,13,ridge,0.9385009829679525,0.14418650435396252,-0.2629532283491386,0.5266272189349113,3.7582789274642527,0.06546081224409821
0.3,13,size_rule,1.3755140381234965,0.22932944706227465,-0.19905826270093374,0.5283468318246785,3.7582789274642527,0.03567308377095881
0.3,14,all awards,0.1749431142974344,0.009730624239352892,-0.15607898999071967,0.4879148283138308,3.5531658849371386,
0.3,14,gbm,0.8683712096639723,0.12794526517406846,-0.2056568650805486,0.500658183413778,3.5531658849371386,0.03932467359850814
0.3,14,random 20%,0.303239997073042,0.03313133241857469,-0.2501151044275687,0.49394086282113425,3.5531658849371386,
0.3,14,ridge,1.2109726470353488,0.20234147216198806,-0.16609320843360076,0.5031605562579013,3.5531658849371386,0.05259681453592856
0.3,14,size_rule,1.0575638651107988,0.16104055452930988,-0.19221196470924562,0.5111111111111111,3.5531658849371386,0.0353674827855237
0.3,15,all awards,0.3414555115511424,0.020494816345704825,-0.12372941909617408,0.4949871097106846,2.663493874447841,
0.3,15,gbm,1.162701232232237,0.18209132911073445,-0.20208252612682498,0.5298176441596846,2.663493874447841,0.05987463832150959
0.3,15,random 20%,0.45992342239553746,0.05222110693416715,-0.18222842283992002,0.4944309927360775,2.663493874447841,
0.3,15,ridge,1.326897698316729,0.22029149757200162,-0.1236043393817462,0.5307262569832403,2.663493874447841,0.05929697034424936
0.3,15,size_rule,1.7579021445080962,0.3000589246104781,-0.1302463797914677,0.5516569200779727,2.663493874447841,0.04328301271882715
0.3,16,all awards,0.6296362853070504,0.04001667451082569,-0.12249662126491934,0.5024639878695982,3.302272998784617,
0.3,16,gbm,0.9066648742118805,0.1436200932876921,-0.1781923025810147,0.5294778214486243,3.302272998784617,0.03219814347549544
0.3,16,random 20%,0.7451179662257943,0.0887145344054201,-0.20263673382393654,0.5226179018286814,3.302272998784617,
0.3,16,ridge,1.4171478893829652,0.31136970043929346,-0.21266430938624936,0.5264094955489614,3.302272998784617,0.048860156357321764
0.3,16,size_rule,1.9482240368722799,0.3209465600579564,-0.12088050217480129,0.5512820512820513,3.302272998784617,0.0416566140368851
0.3,17,all awards,0.11850091415419259,0.005674156570504074,-0.1578136812007822,0.4937139616220815,2.8124698062091844,
0.3,17,gbm,1.1375693082902014,0.17955934483655556,-0.2175282731249356,0.5252862595419847,2.8124698062091844,0.03833924354331318
0.3,17,random 20%,0.129362241413701,0.008395402631613758,-0.34844383930380507,0.4997597308986064,2.8124698062091844,
0.3,17,ridge,0.8456609437209608,0.11922231849293685,-0.18961605644320023,0.5174794993526112,2.8124698062091844,0.04717755709476889
0.3,17,size_rule,1.5926237740988531,0.25700943676212096,-0.16287617101761898,0.5441449814126395,2.8124698062091844,0.03873457305386091
0.3,18,all awards,0.301970046694533,0.018416964842158157,-0.1391653942201404,0.49553956834532376,3.3722317376395106,
0.3,18,gbm,0.5888479372943516,0.07567858022325358,-0.20628164146767958,0.4991922455573506,3.3722317376395106,0.0359214727974048
0.3,18,random 20%,0.2340204016751906,0.022503152902049184,-0.22373398744121764,0.5099756690997567,3.3722317376395106,
0.3,18,ridge,1.1316024872302455,0.14932723912017076,-0.17799288177945016,0.5233853006681515,3.3722317376395106,0.07665717344537146
0.3,18,size_rule,1.386542826501768,0.24001661503196692,-0.15265154473273246,0.5302078298695022,3.3722317376395106,0.038547471145236954
0.3,19,all awards,0.04203911397439046,0.0006054146358109858,-0.24671111954604674,0.4886066492342174,3.4791080863826167,
0.3,19,gbm,0.8849269598994861,0.14666298789263355,-0.3088940611570564,0.5149384885764499,3.4791080863826167,0.03317943914127815
0.3,19,random 20%,0.0386211108585347,-0.0034696026057242646,-0.3706749372054686,0.4881516587677725,3.4791080863826167,
0.3,19,ridge,1.1096401552581192,0.2136287451114236,-0.28560303476363447,0.5244338498212158,3.4791080863826167,0.05410456487316632
0.3,19,size_rule,1.2484726211657196,0.20560967497090066,-0.1868051611219662,0.5349734684032803,3.4791080863826167,0.0519141523393311
0.5,0,all awards,1.2448416483313673,0.08108339500062689,-0.12735064708088883,0.5094498502994012,4.376660857985025,
0.5,0,gbm,1.2277724297853259,0.21439196794767823,-0.2538204404700759,0.5422885572139303,4.376660857985025,0.034912890906697226
0.5,0,random 20%,0.6314681872629394,0.07339412530132883,-0.28404736663486385,0.5114176974310181,4.376660857985025,
0.5,0,ridge,2.181278521996846,0.37079849891160044,-0.10110294673785325,0.5550262029537876,4.376660857985025,0.06260697460385638
0.5,0,size_rule,2.5325705040295357,0.46829858435115734,-0.13743575115147866,0.5807527393997142,4.376660857985025,0.061484691581953195
0.5,1,all awards,1.3918098359718643,0.09200132769194491,-0.09238919592673012,0.5151571856287425,5.417175155158983,
0.5,1,gbm,1.9843195909460576,0.3334849145026675,-0.19040339877307277,0.5598491988689915,5.417175155158983,0.06357362273440022
0.5,1,random 20%,0.7932278900911112,0.09342325774420601,-0.1753672688872241,0.521883920076118,5.417175155158983,
0.5,1,ridge,1.824755160725451,0.3307613434002097,-0.22192055876272032,0.5522458628841608,5.417175155158983,0.07084404911310002
0.5,1,size_rule,1.9308614464715603,0.3381722357559849,-0.22877363591190736,0.5641143911439115,5.417175155158983,0.057473309378127134
0.5,2,all awards,0.7186497239295101,0.047056541699662,-0.11711865447688885,0.4976508175155046,5.091547003954929,
0.5,2,gbm,1.217388511834172,0.18423426398223297,-0.18027361216796955,0.5247651579846285,5.091547003954929,0.040211569826107026
0.5,2,random 20%,0.1566515204824729,0.011842298133729168,-0.2512629071456879,0.4990448901623687,5.091547003954929,
0.5,2,ridge,0.9293904348799913,0.13902754393166483,-0.15548394678555566,0.5183326900810498,5.091547003954929,0.05781305254000711
0.5,2,size_rule,1.5605717667754355,0.25931766563547987,-0.16747548063305573,0.5333027101515847,5.091547003954929,0.028320462188629696
0.5,3,all awards,1.8581641200324788,0.12777497109881297,-0.060818206627573645,0.5135161042944786,6.733227426384198,
0.5,3,gbm,2.5660944157757837,0.5460134531245617,-0.12640198533481095,0.5792474344355758,6.733227426384198,0.06683904717325607
0.5,3,random 20%,0.7226935631398312,0.08663430203503064,-0.14515453957304225,0.5016965584100824,6.733227426384198,
0.5,3,ridge,2.8191193782386277,0.5475821469728472,-0.15658487125494336,0.5869341563786008,6.733227426384198,0.08160610897758547
0.5,3,size_rule,2.5991607592530444,0.4904976950224511,-0.12460495337585398,0.5824175824175825,6.733227426384198,0.06465691271651826
0.5,4,all awards,1.3140775937747118,0.08761314949001897,-0.08123719576960375,0.5127637029187939,5.425714463894767,
0.5,4,gbm,1.4806115881976782,0.2369811405653086,-0.08898069577216983,0.5485017775520569,5.425714463894767,0.0361978315119371
0.5,4,random 20%,0.3408086483924803,0.03529945913987276,-0.25200298372731433,0.5094982951777886,5.425714463894767,
0.5,4,ridge,1.879991207163585,0.31656375814271276,-0.1562457440557068,0.5725692813527478,5.425714463894767,0.06829324676952472
0.5,4,size_rule,1.9131215823298628,0.35160687760349196,-0.11848063216391458,0.5744163424124513,5.425714463894767,0.06709007345381236
0.5,5,all awards,1.800986561279844,0.12392107014327713,-0.055729619063219715,0.5181826858833636,6.876981728077431,
0.5,5,gbm,2.3534642984849126,0.462755878608188,-0.1480758045312751,0.5795856493178373,6.876981728077431,0.06364775356472314
0.5,5,random 20%,0.5080887400712092,0.057158740087219995,-0.20554582578003555,0.5091787439613527,6.876981728077431,
0.5,5,ridge,3.030423327286951,0.584005196088274,-0.09670992129343525,0.596039603960396,6.876981728077431,0.086378677696338
0.5,5,size_rule,3.200809746779827,0.6438355283937409,-0.16331142939044085,0.597667638483965,6.876981728077431,0.08454212913784949
0.5,6,all awards,1.569621563795725,0.11018551207302685,-0.08417036351189255,0.5083261965933962,5.524783993588494,
0.5,6,gbm,2.0055206695636785,0.37367037047843654,-0.20007647308816434,0.5549076773566569,5.524783993588494,0.042346224759978256
0.5,6,random 20%,0.9243450276037084,0.11685873580350936,-0.22360615484565993,0.49782713664896183,5.524783993588494,
0.5,6,ridge,1.7030044772634474,0.3128411272385112,-0.27955070322315245,0.5406427221172023,5.524783993588494,0.06052429960459617
0.5,6,size_rule,2.2771516149308377,0.43230628123596393,-0.16412878245430085,0.5606494746895893,5.524783993588494,0.053251361887802426
0.5,7,all awards,1.2999997740030358,0.09041214382747498,-0.12014703639968582,0.5093185240963856,5.739528823448074,
0.5,7,gbm,2.011131320234952,0.41607697655714837,-0.17221248795033495,0.5637305699481865,5.739528823448074,0.03127293811318853
0.5,7,random 20%,0.824615890688686,0.10130484734285439,-0.2109798457797124,0.5148467432950191,5.739528823448074,
0.5,7,ridge,2.070463613012604,0.4033899551018083,-0.16720073491219656,0.5606060606060606,5.739528823448074,0.06847553558111838
0.5,7,size_rule,2.7554004113523627,0.5692444231293567,-0.14836076777984175,0.5837540156034878,5.739528823448074,0.06587570480138026
0.5,8,all awards,0.9526355006957002,0.06315938893510276,-0.09413997358090753,0.5097927902355947,4.533122913677645,
0.5,8,gbm,1.1062032271286797,0.18870524055579585,-0.20082971719851483,0.5408479834539814,4.533122913677645,0.055746301961453026
0.5,8,random 20%,0.18927650288360717,0.015949578249587315,-0.2208357368992947,0.49975949975949974,4.533122913677645,
0.5,8,ridge,1.9917524175608208,0.37879340494544156,-0.13092590394453718,0.5570798628123469,4.533122913677645,0.0766099926709722
0.5,8,size_rule,2.4104835333420387,0.45545847914514415,-0.12610701591206008,0.5799019607843138,4.533122913677645,0.06649542295735487
0.5,9,all awards,1.0533003589247778,0.07069152734218931,-0.15009407239506434,0.5020474240548519,4.511549065902362,
0.5,9,gbm,2.0749064800235604,0.3395524555211322,-0.18189092860013212,0.5472727272727272,4.511549065902362,0.07302587604959598
0.5,9,random 20%,0.5305726937075523,0.06283979005294293,-0.21759962191503657,0.5067567567567568,4.511549065902362,
0.5,9,ridge,2.337676630459261,0.4087281086664485,-0.10785830648028472,0.5429326287978864,4.511549065902362,0.06970020684849579
0.5,9,size_rule,2.587248552603946,0.5030288015476918,-0.14609955150840392,0.5583611243449261,4.511549065902362,0.0595942267459007
0.5,10,all awards,0.6330862603879464,0.03999766709428276,-0.12876122021794,0.5008496978851964,4.822153869805824,
0.5,10,gbm,1.519423193691421,0.24667492960860504,-0.2541248095579125,0.5526182003050331,4.822153869805824,0.04277132563452281
0.5,10,random 20%,0.19350612793696637,0.016252600201124734,-0.22565822320915274,0.48751200768491837,4.822153869805824,
0.5,10,ridge,2.0919050093320743,0.3557278873389107,-0.16505065510059125,0.5553470919324578,4.822153869805824,0.07919215536712457
0.5,10,size_rule,2.293625258018866,0.40169082419351354,-0.1629825997122022,0.5689404934687954,4.822153869805824,0.07339227694734486
0.5,11,all awards,1.7096679509587085,0.11815383692357706,-0.15054286430325792,0.515197281480083,7.423831938913062,
0.5,11,gbm,2.3569529223293495,0.48621846138286307,-0.15020741049369624,0.566296883254094,7.423831938913062,0.055769470146093424
0.5,11,random 20%,1.0844849555927816,0.1443550329197698,-0.17362458385267687,0.5299472927647341,7.423831938913062,
0.5,11,ridge,2.779519249448757,0.5437850220049065,-0.09767092649116837,0.5764546684709067,7.423831938913062,0.07024840377266418
0.5,11,size_rule,3.04747688720246,0.6166419533978105,-0.11598422002170061,0.5766355140186916,7.423831938913062,0.062402884821941666
0.5,12,all awards,0.5201182364294806,0.03446218464490536,-0.08485326384586367,0.49971623155505107,3.7745654336013335,
0.5,12,gbm,1.8495976441763298,0.3291024619223317,-0.1372165587924591,0.5525910723447922,3.7745654336013335,0.06055928732507711
0.5,12,random 20%,0.6166115520536423,0.07471152353033195,-0.1757015525119523,0.5043144774688398,3.7745654336013335,
0.5,12,ridge,1.5930162200503528,0.2511329592742173,-0.12721665127107973,0.5384248210023866,3.7745654336013335,0.06185942766719122
0.5,12,size_rule,1.5352657414708832,0.2619052433670306,-0.1301350633210029,0.5488394584139265,3.7745654336013335,0.052938050560705156
0.5,13,all awards,1.8838360030546701,0.13220539201161596,-0.0882178136776447,0.5162808206286467,5.788205728255728,
0.5,13,gbm,2.2534742341490883,0.44090983907308146,-0.21740657387107554,0.5735009671179884,5.788205728255728,0.052375222230601315
0.5,13,random 20%,1.3031579046465973,0.17091948852721095,-0.21962313053740534,0.5269947443860488,5.788205728255728,
0.5,13,ridge,2.41996836621828,0.43036192585439026,-0.18477606944151315,0.5695952615992103,5.788205728255728,0.08319437319231442
0.5,13,size_rule,2.611472601819221,0.5029938603925728,-0.11620512113205372,0.5688423058599333,5.788205728255728,0.05816100033152035
0.5,14,all awards,1.227453567920131,0.08602714965948333,-0.08717652027169909,0.5025896796470363,5.644539858287494,
0.5,14,gbm,2.1375097087427566,0.39682281043734857,-0.14533668652979315,0.5427370387669314,5.644539858287494,0.06295325528078835
0.5,14,random 20%,0.8472187680925103,0.11514497174466465,-0.20874945447638704,0.5133301017935046,5.644539858287494,
0.5,14,ridge,2.253191995688211,0.42753077534448214,-0.10907779905170112,0.5459621993127147,5.644539858287494,0.07567512169417322
0.5,14,size_rule,2.2853123628609278,0.4059943824200216,-0.1412160421380535,0.5486111111111112,5.644539858287494,0.05875511009937971
0.5,15,all awards,1.4641617626397756,0.0994712758735079,-0.07825931960364219,0.5076864317769503,4.84804012736635,
0.5,15,gbm,2.1480775615273204,0.39949534540053455,-0.17784603347535666,0.5604838709677419,4.84804012736635,0.08102835396136673
0.5,15,random 20%,0.982793328090143,0.1259008746182655,-0.1421149363166001,0.5094430992736078,4.84804012736635,
0.5,15,ridge,2.42695217635973,0.4449630395733706,-0.11413321197567172,0.562205466540999,4.84804012736635,0.07961228510611103
0.5,15,size_rule,2.9547985516844437,0.5786806910838229,-0.09204669257288478,0.5794346978557505,4.84804012736635,0.06453180932028894
0.5,16,all awards,1.700000831852396,0.11624867590592292,-0.08357615536523078,0.5166793025018954,5.391419673469783,
0.5,16,gbm,2.156056730672719,0.42860764476846414,-0.13796446198143608,0.5667828106852497,5.391419673469783,0.051877505333449654
0.5,16,random 20%,1.3014116808871352,0.16729428194039753,-0.1673263188835763,0.53609239653513,5.391419673469783,
0.5,16,ridge,2.3060186726409144,0.5205263897536003,-0.18358907803831215,0.5583195135433942,5.391419673469783,0.06787403613059152
0.5,16,size_rule,3.1495156810622187,0.5856733587256435,-0.09597428172747391,0.5826210826210826,5.391419673469783,0.06348304129335791
0.5,17,all awards,1.2138172323792473,0.08174002276724979,-0.07955638006169385,0.5102561678797618,4.86393009492558,
0.5,17,gbm,2.384004971400414,0.4470274575098576,-0.18433349054017112,0.5635411708710139,4.86393009492558,0.058989348983289745
0.5,17,random 20%,0.700711779056851,0.08422269136898586,-0.1715793040652448,0.5146564151850072,4.86393009492558,
0.5,17,ridge,2.423523495375088,0.43794052065305644,-0.11209561079805519,0.562887511071745,4.86393009492558,0.07020868609542243
0.5,17,size_rule,2.8281427904468117,0.5209340565696992,-0.13040149740834883,0.5803903345724907,4.86393009492558,0.06047479071617345
0.5,18,all awards,1.3738068444838374,0.09581045051211623,-0.08389620979145962,0.5101199040767386,5.4871547365884865,
0.5,18,gbm,1.4919252296064758,0.23243356173396168,-0.1981915724885589,0.5317171717171717,5.4871547365884865,0.05349017214842055
0.5,18,random 20%,0.7900134663228776,0.1019394537198468,-0.20402825976193228,0.5201946472019465,5.4871547365884865,
0.5,18,ridge,2.1057583522976726,0.31862643036896765,-0.11634876029398933,0.5495145631067961,5.4871547365884865,0.09719526102368874
0.5,18,size_rule,2.535989593332897,0.5032747086237375,-0.12596476889821084,0.5621072982116965,5.4871547365884865,0.06077341411879394
0.5,19,all awards,1.140445757506958,0.07587066556354638,-0.12694216310798145,0.5063503922301084,5.6462496438765974,
0.5,19,gbm,2.293004452411984,0.46300897720505385,-0.18538076193602093,0.5699339207048458,5.6462496438765974,0.05645300746082608
0.5,19,random 20%,0.6001411616723275,0.07258399291629125,-0.26521888205096456,0.504739336492891,5.6462496438765974,
0.5,19,ridge,2.0103382225366233,0.4652804029958817,-0.2278057964164767,0.5692481628038439,5.6462496438765974,0.07815534013253211
0.5,19,size_rule,2.424097665018472,0.46258511421313875,-0.14227136407376795,0.5754944524843222,5.6462496438765974,0.07359522619433126
