variable,pays,bloc,fred_id
FR_taux_long,FR,marches,IRLTLT01FRM156N
FR_taux_3m,FR,marches,IR3TIB01FRM156N
FR_actions,FR,marches,SPASTT01FRM661N
FR_chomage,FR,macro,LRHUTTTTFRM156S
FR_ipch,FR,macro,CP0000FRM086NEST
FR_production_ind,FR,macro,FRAPROINDMISMEI
FR_confiance_menages,FR,macro,CSCICP03FRM665S
FR_confiance_entreprises,FR,macro,BSCICP03FRM665S
FR_indicateur_avance,FR,macro,FRALOLITONOSTSAM
DE_taux_long,DE,marches,IRLTLT01DEM156N
DE_taux_3m,DE,marches,IR3TIB01DEM156N
DE_actions,DE,marches,SPASTT01DEM661N
DE_chomage,DE,macro,LRHUTTTTDEM156S
DE_ipch,DE,macro,CP0000DEM086NEST
DE_production_ind,DE,macro,DEUPROINDMISMEI
DE_confiance_menages,DE,macro,CSCICP03DEM665S
DE_confiance_entreprises,DE,macro,BSCICP03DEM665S
DE_indicateur_avance,DE,macro,DEULOLITONOSTSAM
IT_taux_long,IT,marches,IRLTLT01ITM156N
IT_taux_3m,IT,marches,IR3TIB01ITM156N
IT_actions,IT,marches,SPASTT01ITM661N
IT_chomage,IT,macro,LRHUTTTTITM156S
IT_ipch,IT,macro,CP0000ITM086NEST
IT_production_ind,IT,macro,ITAPROINDMISMEI
IT_confiance_menages,IT,macro,CSCICP03ITM665S
IT_confiance_entreprises,IT,macro,BSCICP03ITM665S
IT_indicateur_avance,IT,macro,ITALOLITONOSTSAM
ES_taux_long,ES,marches,IRLTLT01ESM156N
ES_taux_3m,ES,marches,IR3TIB01ESM156N
ES_actions,ES,marches,SPASTT01ESM661N
ES_chomage,ES,macro,LRHUTTTTESM156S
ES_ipch,ES,macro,CP0000ESM086NEST
ES_production_ind,ES,macro,ESPPROINDMISMEI
ES_confiance_menages,ES,macro,CSCICP03ESM665S
ES_confiance_entreprises,ES,macro,BSCICP03ESM665S
ES_indicateur_avance,ES,macro,ESPLOLITONOSTSAM
PT_taux_long,PT,marches,IRLTLT01PTM156N
PT_taux_3m,PT,marches,IR3TIB01PTM156N
PT_actions,PT,marches,SPASTT01PTM661N
PT_chomage,PT,macro,LRHUTTTTPTM156S
PT_ipch,PT,macro,CP0000PTM086NEST
PT_production_ind,PT,macro,PRTPROINDMISMEI
PT_confiance_menages,PT,macro,CSCICP03PTM665S
PT_confiance_entreprises,PT,macro,BSCICP03PTM665S
PT_indicateur_avance,PT,macro,PRTLOLITONOSTSAM
BE_taux_long,BE,marches,IRLTLT01BEM156N
BE_taux_3m,BE,marches,IR3TIB01BEM156N
BE_actions,BE,marches,SPASTT01BEM661N
BE_chomage,BE,macro,LRHUTTTTBEM156S
BE_ipch,BE,macro,CP0000BEM086NEST
BE_production_ind,BE,macro,BELPROINDMISMEI
BE_confiance_menages,BE,macro,CSCICP03BEM665S
BE_confiance_entreprises,BE,macro,BSCICP03BEM665S
BE_indicateur_avance,BE,macro,BELLOLITONOSTSAM
us_taux_10a,MONDE,mondial,GS10
us_fed_funds,MONDE,mondial,FEDFUNDS
us_pente_10a_2a,MONDE,mondial,T10Y2Y
us_ecart_haut_rendement,MONDE,mondial,BAMLH0A0HYM2
us_conditions_financieres,MONDE,mondial,NFCI
us_production_ind,MONDE,mondial,INDPRO
us_inflation,MONDE,mondial,CPIAUCSL
us_chomage,MONDE,mondial,UNRATE
vix,MONDE,mondial,VIXCLS
bce_facilite_depot,MONDE,mondial,ECBDFR
petrole_brent,MONDE,mondial,DCOILBRENTEU
eur_usd,MONDE,mondial,DEXUSEU
zone_euro_chomage,MONDE,mondial,LRHUTTTTEZM156S
zone_euro_ipch,MONDE,mondial,CP0000EZ19M086NEST
