year,model,n_test,ic,auc,picked,picked_car,all_car
2019,size_rule,1499,-0.011199755178834874,0.5019239055728271,294,0.004086724810779259,-0.0008265944522324833
2019,ridge,1499,0.0011501748829437694,0.497856194067854,284,0.0020939920806975223,-0.0008265944522324833
2019,gbm,1499,0.03503919925255021,0.5128343464774989,243,-0.0014330354035786707,-0.0008265944522324833
2020,size_rule,1549,0.024512766230798143,0.5090027839532135,321,0.002085465471206665,0.0019419479340496192
2020,ridge,1549,0.04741630533521049,0.5196479000180256,343,0.0036287548773763028,0.0019419479340496192
2020,gbm,1549,0.02830970815654204,0.4897654669630876,258,0.005424793067833623,0.0019419479340496192
2021,size_rule,1555,0.03070574674268916,0.5062448710821685,298,0.002456704074306557,-3.6875014138009396e-05
2021,ridge,1555,0.0438118731541557,0.5160502038331216,186,0.001016301403663535,-3.6875014138009396e-05
2021,gbm,1555,0.0003493123555283104,0.5195775757094452,218,0.0011666995750024218,-3.6875014138009396e-05
2022,size_rule,1485,0.09236509160253421,0.5442144352489142,319,0.007765383696074914,0.0016983908488556237
2022,ridge,1485,0.07452739494944731,0.5310666613452726,330,0.004934123336669607,0.0016983908488556237
2022,gbm,1485,-0.028101898862964405,0.48723953892539285,278,0.003593810559756542,0.0016983908488556237
2023,size_rule,1517,0.06177165173377554,0.527486920095253,325,0.005057220774586587,0.0002447935328278576
2023,ridge,1517,0.04326636840899691,0.5200013905546574,228,0.006484368885745368,0.0002447935328278576
2023,gbm,1517,-0.03750314314322558,0.48098851054214253,226,0.0050759108529617744,0.0002447935328278576
2024,size_rule,1571,0.06420087921013594,0.5237986284876042,324,0.0087145326150853,0.0027137572413105694
2024,ridge,1571,0.051501309610294796,0.5140396654626177,322,0.005022890501405025,0.0027137572413105694
2024,gbm,1571,0.030799849080817024,0.5097265088745874,372,0.005529596420230339,0.0027137572413105694
2025,size_rule,1448,0.038979708386701874,0.5055326344138468,298,0.005916717414884708,0.0014164068476371474
2025,ridge,1448,0.07098525901134393,0.5232275007794462,284,0.00602509088769684,0.0014164068476371474
2025,gbm,1448,0.03298125040990565,0.5116218795846269,287,0.004269420978864261,0.0014164068476371474
