cible,modele,pays,RMSE_sans_pb,RMSE_avec_pb,RMSE_marche_aleatoire_pb
y_change,rf,FR,7.162,7.779,6.436
y_change,rf,IT,22.168,22.356,21.632
y_change,rf,ES,16.65,17.085,16.214
y_change,rf,PT,31.09,30.7,29.403
y_change,rf,BE,8.595,8.236,7.817
y_change,ridge,FR,29.181,24.877,6.436
y_change,ridge,IT,35.957,32.124,21.632
y_change,ridge,ES,31.57,27.885,16.214
y_change,ridge,PT,45.013,40.498,29.403
y_change,ridge,BE,29.924,25.349,7.817
y_change,xgb,FR,8.499,8.8,6.436
y_change,xgb,IT,22.251,22.926,21.632
y_change,xgb,ES,18.059,18.709,16.214
y_change,xgb,PT,32.22,31.58,29.403
y_change,xgb,BE,9.221,8.926,7.817
y_level,rf,FR,11.827,13.665,6.436
y_level,rf,IT,25.82,26.075,21.632
y_level,rf,ES,27.443,27.314,16.214
y_level,rf,PT,46.531,48.057,29.403
y_level,rf,BE,12.789,13.493,7.817
y_level,ridge,FR,33.547,29.003,6.436
y_level,ridge,IT,39.402,35.064,21.632
y_level,ridge,ES,35.995,30.497,16.214
y_level,ridge,PT,47.741,42.708,29.403
y_level,ridge,BE,34.189,28.477,7.817
y_level,xgb,FR,8.951,8.84,6.436
y_level,xgb,IT,22.493,22.144,21.632
y_level,xgb,ES,20.139,24.895,16.214
y_level,xgb,PT,33.613,30.374,29.403
y_level,xgb,BE,11.314,10.477,7.817
