extension,cible,comparaison,n_test,R2oos_sans_%,R2oos_avec_%,DM,p_avec_meilleur,p_avec_bat_moyenne,note
E20a incertitude politique,y_d_spread,ridge : M0+EPU vs M0,79,-14.891,-13.582,0.896,0.187,0.934,
E20b dépenses + incertitude,y_d_spread,ridge : M1+EPU vs M0+EPU,79,-13.582,-13.943,-0.074,0.529,0.963,
E20a incertitude politique,y_d_spread,rf : M0+EPU vs M0,79,-6.791,-6.107,0.49,0.313,0.809,
E20b dépenses + incertitude,y_d_spread,rf : M1+EPU vs M0+EPU,79,-6.107,-7.548,-0.482,0.684,0.888,
E20a incertitude politique,y_d_spread,xgb : M0+EPU vs M0,79,-35.408,-38.894,-0.912,0.818,0.995,
E20b dépenses + incertitude,y_d_spread,xgb : M1+EPU vs M0+EPU,79,-38.894,-31.882,0.574,0.284,0.982,
E20a incertitude politique,y_d_oat,ridge : M0+EPU vs M0,79,-11.314,-8.747,1.115,0.134,0.77,
E20b dépenses + incertitude,y_d_oat,ridge : M1+EPU vs M0+EPU,79,-8.747,-10.701,-0.628,0.734,0.827,
E20a incertitude politique,y_d_oat,rf : M0+EPU vs M0,79,-6.945,-4.759,1.105,0.136,0.661,
E20b dépenses + incertitude,y_d_oat,rf : M1+EPU vs M0+EPU,79,-4.759,-5.932,-0.351,0.637,0.71,
E20a incertitude politique,y_d_oat,xgb : M0+EPU vs M0,79,-30.224,-32.828,-0.545,0.706,0.957,
E20b dépenses + incertitude,y_d_oat,xgb : M1+EPU vs M0+EPU,79,-32.828,-30.173,0.498,0.31,0.947,
E20a incertitude politique,y_cac_ret,ridge : M0+EPU vs M0,79,-1.345,-0.281,0.819,0.208,0.817,
E20b dépenses + incertitude,y_cac_ret,ridge : M1+EPU vs M0+EPU,79,-0.281,-2.642,-1.316,0.904,0.929,
E20a incertitude politique,y_cac_ret,rf : M0+EPU vs M0,79,-9.636,-11.982,-2.366,0.99,0.976,
E20b dépenses + incertitude,y_cac_ret,rf : M1+EPU vs M0+EPU,79,-11.982,-11.227,0.212,0.416,0.986,
E20a incertitude politique,y_cac_ret,xgb : M0+EPU vs M0,79,-31.66,-38.602,-1.948,0.972,0.999,
E20b dépenses + incertitude,y_cac_ret,xgb : M1+EPU vs M0+EPU,79,-38.602,-29.633,1.116,0.134,0.998,
