date,hicp_fr
2010-01-01,74.57
2010-02-01,75.03
2010-03-01,75.43
2010-04-01,75.65
2010-05-01,75.76
2010-06-01,75.76
2010-07-01,75.5
2010-08-01,75.69
2010-09-01,75.66
2010-10-01,75.78
2010-11-01,75.88
2010-12-01,76.25
2011-01-01,76.03
2011-02-01,76.4
2011-03-01,77.07
2011-04-01,77.35
2011-05-01,77.4
2011-06-01,77.47
2011-07-01,77.08
2011-08-01,77.52
2011-09-01,77.5
2011-10-01,77.7
2011-11-01,77.94
2011-12-01,78.29
2012-01-01,77.98
2012-02-01,78.35
2012-03-01,79.07
2012-04-01,79.21
2012-05-01,79.17
2012-06-01,79.21
2012-07-01,78.8
2012-08-01,79.37
2012-09-01,79.17
2012-10-01,79.33
2012-11-01,79.19
2012-12-01,79.49
2013-01-01,79.03
2013-02-01,79.28
2013-03-01,79.93
2013-04-01,79.84
2013-05-01,79.88
2013-06-01,80.02
2013-07-01,79.74
2013-08-01,80.14
2013-09-01,79.98
2013-10-01,79.88
2013-11-01,79.85
2013-12-01,80.15
2014-01-01,79.64
2014-02-01,80.13
2014-03-01,80.54
2014-04-01,80.51
2014-05-01,80.54
2014-06-01,80.5
2014-07-01,80.19
2014-08-01,80.57
2014-09-01,80.27
2014-10-01,80.3
2014-11-01,80.17
2014-12-01,80.22
2015-01-01,79.32
2015-02-01,79.9
2015-03-01,80.5
2015-04-01,80.61
2015-05-01,80.81
2015-06-01,80.76
2015-07-01,80.36
2015-08-01,80.65
2015-09-01,80.36
2015-10-01,80.42
2015-11-01,80.26
2015-12-01,80.44
2016-01-01,79.58
2016-02-01,79.81
2016-03-01,80.43
2016-04-01,80.51
2016-05-01,80.89
2016-06-01,81.01
2016-07-01,80.68
2016-08-01,80.96
2016-09-01,80.77
2016-10-01,80.8
2016-11-01,80.81
2016-12-01,81.09
2017-01-01,80.83
2017-02-01,80.95
2017-03-01,81.55
2017-04-01,81.63
2017-05-01,81.65
2017-06-01,81.64
2017-07-01,81.3
2017-08-01,81.76
2017-09-01,81.63
2017-10-01,81.73
2017-11-01,81.81
2017-12-01,82.1
2018-01-01,82.02
2018-02-01,82.02
2018-03-01,82.96
2018-04-01,83.12
2018-05-01,83.51
2018-06-01,83.53
2018-07-01,83.42
2018-08-01,83.86
2018-09-01,83.67
2018-10-01,83.77
2018-11-01,83.58
2018-12-01,83.66
2019-01-01,83.2
2019-02-01,83.29
2019-03-01,84.02
2019-04-01,84.32
2019-05-01,84.43
2019-06-01,84.67
2019-07-01,84.48
2019-08-01,84.93
2019-09-01,84.61
2019-10-01,84.54
2019-11-01,84.6
2019-12-01,85.01
2020-01-01,84.58
2020-02-01,84.6
2020-03-01,84.66
2020-04-01,84.64
2020-05-01,84.78
2020-06-01,84.85
2020-07-01,85.19
2020-08-01,85.1
2020-09-01,84.62
2020-10-01,84.6
2020-11-01,84.79
2020-12-01,84.99
2021-01-01,85.22
2021-02-01,85.24
2021-03-01,85.83
2021-04-01,86.01
2021-05-01,86.3
2021-06-01,86.45
2021-07-01,86.51
2021-08-01,87.1
2021-09-01,86.93
2021-10-01,87.31
2021-11-01,87.67
2021-12-01,87.87
2022-01-01,88.01
2022-02-01,88.8
2022-03-01,90.22
2022-04-01,90.64
2022-05-01,91.32
2022-06-01,92.1
2022-07-01,92.38
2022-08-01,92.81
2022-09-01,92.34
2022-10-01,93.49
2022-11-01,93.88
2022-12-01,93.79
2023-01-01,94.2
2023-02-01,95.27
2023-03-01,96.25
2023-04-01,96.88
2023-05-01,96.81
2023-06-01,97.01
2023-07-01,97.06
2023-08-01,98.13
2023-09-01,97.57
2023-10-01,97.74
2023-11-01,97.5
2023-12-01,97.64
2024-01-01,97.41
2024-02-01,98.33
2024-03-01,98.57
2024-04-01,99.18
2024-05-01,99.32
2024-06-01,99.48
2024-07-01,99.68
2024-08-01,100.27
2024-09-01,98.97
2024-10-01,99.28
2024-11-01,99.14
2024-12-01,99.35
2025-01-01,99.19
2025-02-01,99.24
2025-03-01,99.44
2025-04-01,100.09
2025-05-01,99.91
2025-06-01,100.33
2025-07-01,100.62
2025-08-01,101.1
2025-09-01,100.03
2025-10-01,100.12
2025-11-01,99.92
2025-12-01,100.0
2026-01-01,99.59
2026-02-01,100.3
2026-03-01,101.4
2026-04-01,102.57
2026-05-01,102.71
2026-06-01,102.36
2026-07-01,103.0
2026-08-01,103.76
