date,agence,ancienne,nouvelle,source
2013-07-12,Fitch,AAA,AA+,https://www.fairobserver.com/economics/the-french-connection-fitch-downgrades-frances-credit-rating/
2013-11-08,S&P,AA+,AA,https://www.business-standard.com/article/international/s-p-downgrades-france-credit-rating-to-aa-113110800337_1.html
2014-12-12,Fitch,AA+,AA,https://fortune.com/2014/12/12/fitch-downgrades-france/
2015-09-18,Moody's,Aa1,Aa2,https://m.moodys.com/research-preview/Moodys-downgrades-Frances-government-bond-ratings-to-Aa2-from-Aa1--PR_334715
2023-04-28,Fitch,AA,AA-,https://countryeconomy.com/ratings/france
2024-05-31,S&P,AA,AA-,https://www.malaymail.com/news/money/2024/06/01/ratings-agency-sp-downgrades-french-credit-score/137549
2024-12-14,Moody's,Aa2,Aa3,https://ratings.moodys.com/ratings-news/434553
2025-09-12,Fitch,AA-,A+,https://www.bloomberg.com/news/articles/2025-09-12/france-s-debt-woes-mount-as-fitch-downgrades-credit-rating
2025-10-17,S&P,AA-,A+,https://www.spglobal.com/ratings/en/regulatory/article/-/view/sourceId/101651950
